JavaGuide,151795,7.329226557152635,0,177612,,,
hello-algo,116894,2.833675564681725,9,365567,2.0,1.0,3.0
GitHub-Chinese-Top-Charts,102335,5.9986310746064335,0,123199,0.0,1.0,0.0
java-design-patterns,92707,11.071868583162217,0,46865,1.5,1.0,0.0
mall,81608,7.422313483915127,3,58703,5.0,1.0,0.0
spring-boot,78415,12.876112251882272,100,203365,,,
advanced-java,78260,6.913073237508556,1,26603,0.0,1.0,0.0
LeetCodeAnimation,76452,6.746064339493498,0,509807,1.0,1.0,0.0
elasticsearch,73813,15.570157426420261,100,1473863,,,
Stirling-PDF,67509,2.6036960985626285,100,106525,3.0,1.0,0.0
interviews,64468,8.553045859000685,0,24462,1.0,1.0,0.0
Java,63406,9.136208076659821,0,6534,1.0,1.0,1.0
ghidra,60599,6.513347022587269,46,392276,3.0,1.0,0.5
spring-framework,58849,14.740588637919233,100,233818,,,
guava,51122,11.268993839835728,57,568919,2.0,1.0,0.0
RxJava,48338,12.654346338124572,100,145087,6.0,2.0,0.0
jadx,45526,12.465434633812457,32,24323,3.0,1.0,0.0
dbeaver,45439,9.872689938398358,100,200588,1.5,1.0,0.0
termux-app,45159,9.867214236824093,95,4903,5.5,2.0,0.0
JeecgBoot,43897,6.7734428473648185,63,79331,,,
dubbo,41366,13.210130047912388,100,60576,,,
MPAndroidChart,38106,11.36208076659822,44,21593,10.0,2.0,1.0
tutorials,37260,12.350444900752908,0,114951,,,
halo,36936,7.457905544147844,100,78234,3.0,1.0,0.0
arthas,36727,7.017111567419575,59,57444,1.0,1.0,1.0
hello-algorithm,35782,5.2676249144421625,0,365053,,,
lottie-android,35475,8.91170431211499,60,137313,,,
NewPipe,35105,10.004106776180699,100,82446,5.0,1.0,1.0
leetcode,34960,6.967830253251198,21,694128,0.0,1.0,0.0
glide,34950,12.158795345653662,54,97781,,,
netty,34440,14.819986310746064,0,101881,4.0,1.0,1.0
spring-boot-demo,33911,7.816563997262149,0,14194,4.5,1.0,1.5
AndroidUtilCode,33643,9.097878165639973,100,47329,,,
easyexcel,33629,7.575633127994524,14,26334,0.0,1.0,0.0
zxing,33595,13.897330595482547,31,242799,8.0,1.0,54.0
ruoyi-vue-pro,33281,4.610540725530458,46,183744,21.5,1.5,307.5
selenium,33238,12.63791923340178,100,2351274,5.0,1.0,1.0
nacos,32056,7.222450376454483,85,66840,2.0,1.0,0.0
WxJava,31928,9.661875427789186,30,18700,5.0,1.0,0.0
kafka,30928,14.056125941136209,0,258738,3.0,1.0,0.0
spring-boot-examples,30606,8.829568788501026,0,1074,2.0,1.0,0.0
hutool,30079,11.394934976043805,100,70597,1.0,1.0,1.0
apollo,29655,9.503080082135524,41,56697,11.0,1.0,0.0
keycloak,29644,12.175222450376454,88,554859,,,
canal,29374,12.640657084188911,32,24182,5.0,1.0,3.0
xxl-job,29327,9.768651608487337,39,37871,3.0,1.0,0.0
conductor,29205,1.7412731006160165,26,29647,2.0,1.0,0.0
SpringAll,28957,7.342915811088296,0,1069,4.0,1.0,1.0
spring-cloud-alibaba,28764,7.759069130732375,48,55812,,,
druid,28194,13.83709787816564,51,91726,5.0,2.0,3.0
vhr,27945,7.665982203969883,0,8480,10.0,1.0,0.5
Telegram,27545,11.860369609856264,95,602045,4.0,1.0,0.0
JCSprout,27065,7.715263518138261,0,1191,1.0,1.0,0.0
miaosha,26511,6.973305954825462,0,65716,3.0,1.0,1.0
awesome-system-design-resources,26053,1.864476386036961,0,2249,1.0,1.0,0.0
incubator-seata,25807,6.685831622176591,44,29496,1.0,1.0,3.0
fastjson,25749,13.83709787816564,84,15513,4.0,1.0,1.0
butterknife,25482,12.501026694045175,0,3909,10.0,1.0,24.0
toBeTopJavaer,25470,6.861054072553046,0,8004,,,
flink,25274,11.24435318275154,0,530386,,,
SmartRefreshLayout,25154,8.257357973990418,14,274026,2.0,1.0,0.0
proxyee-down,24867,7.860369609856263,49,26864,4.0,1.0,2.0
openapi-generator,24860,7.315537303216975,73,930683,,,
Mindustry,24823,8.350444900752908,100,1873497,8.5,1.0,0.5
EventBus,24763,13.136208076659821,7,1742,3.5,1.5,0.0
bazel,24567,11.23066392881588,100,980680,0.5,1.0,1.5
skywalking,24526,9.826146475017111,62,173217,,,
SmartTube,24521,5.103353867214237,100,100425,3.0,1.0,0.0
jenkins,24442,14.784394250513348,100,167619,2.0,1.0,1.0
Hystrix,24401,12.791238877481177,79,9799,0.0,1.0,0.0
libgdx,24352,13.067761806981519,14,1106381,,,
Chat2DB,24266,2.209445585215606,43,18843,5.0,1.0,34.0
gson,24049,10.464065708418891,12,13708,6.0,1.0,0.0
redisson,24034,11.646817248459959,100,31670,3.0,1.0,1.0
source-code-hunter,22965,5.856262833675565,0,99490,0.0,1.0,0.0
Apktool,22921,13.462012320328542,27,333709,,,
Sentinel,22910,7.4195756331279945,25,8384,,,
FizzBuzzEnterpriseEdition,22784,12.780287474332649,0,340,2.0,1.0,0.0
rocketmq,22096,8.761122518822724,22,44263,5.0,1.0,3.0
dataease,21896,4.58590006844627,98,317047,2.0,1.0,0.0
ExoPlayer,21876,11.227926078028748,28,484242,6.0,2.0,1.0
eladmin,21790,6.72416153319644,1,7461,3.0,1.0,1.0
jdk,21727,6.965092402464066,0,1371331,6.0,2.0,6.0
LSPosed,21580,4.728268309377139,39,21605,6.0,1.0,1.0
kestra,21191,6.031485284052019,100,74972,8.0,2.0,0.0
GSYVideoPlayer,21110,8.80766598220397,53,338373,2.0,1.0,0.0
graal,21097,9.639972621492129,32,458251,3.0,1.0,10.0
HikariCP,20718,11.906913073237508,0,5027,3.0,1.0,0.0
DSA-Bootcamp-Java,20676,4.098562628336755,0,101640,2.0,1.0,1.0
shardingsphere,20453,9.6290212183436,58,674270,,,
DoKit,20388,7.058179329226557,14,58616,3.0,1.0,3.5
mybatis-3,20233,12.553045859000685,46,158277,3.0,1.0,1.0
RxAndroid,20085,11.044490075290897,20,1051,5.0,1.0,0.0
litemall,19924,7.455167693360712,8,24591,13.5,1.0,0.0
SpringBoot-Labs,19862,6.978781656399726,0,1813,,,
Ehviewer_CN_SXJ,19737,4.818617385352498,100,13648,4.0,1.0,1.0
thingsboard,19723,8.758384668035593,70,309746,7.0,1.0,1.0
cat,18936,12.750171115674195,3,114117,4.0,1.0,3.0
PhotoView,18871,13.13347022587269,5,16896,2.0,1.0,0.0
intellij-community,18785,13.930184804928132,5,5441887,,,
antlr4,18354,15.58384668035592,31,70508,6.0,1.0,3.0
Algorithms,18226,8.465434633812457,0,1274506,2.0,1.0,1.0
APIJSON,18198,8.785763175906913,100,73373,3.0,1.0,6.0
ip2region,18167,9.842573579739904,3,95840,,,
Sa-Token,18161,5.585215605749487,38,8793,2.0,1.0,1.0
awesome-low-level-design,18043,1.7987679671457906,0,15657,1.0,1.0,1.0
disruptor,17988,12.952772073921972,14,10129,2.0,1.0,0.0
SpringCloudLearning,17974,8.407939767282683,0,582,3.0,1.0,0.0
yudao-cloud,17865,6.3436002737850785,32,45505,,,
tinker,17559,8.993839835728952,60,7066,3.0,2.0,1.0
zipkin,17308,13.245722108145106,97,77306,5.5,1.5,0.0
analysis-ik,17215,13.71937029431896,1,7719,4.0,1.0,1.0
JustAuth,17193,6.5927446954141,46,9643,2.0,1.0,6.0
fresco,17136,10.510609171800137,55,78744,5.0,1.0,1.0
mybatis-plus,17105,9.045859000684462,38,32051,0.5,1.0,0.0
caffeine,17040,10.726899383983573,71,109724,4.0,1.0,0.0
material-components-android,16953,8.747433264887064,100,180590,4.0,1.0,1.0
Android-Universal-Image-Loader,16933,13.77138945927447,0,27133,3.0,1.0,1.0
DataX,16819,7.627652292950034,7,22958,4.5,2.5,0.0
java8-tutorial,16778,11.471594798083505,0,149,1.0,1.0,1.0
zheng,16729,8.917180013689254,0,41267,1.0,2.0,0.0
Grasscutter,16665,3.383983572895277,20,101542,5.0,2.0,0.0
BigData-Notes,16655,6.491444216290212,0,24052,2.0,1.0,0.0
springboot-learning-example,16558,8.574948665297741,0,407,4.0,1.0,0.0
tech-interview-for-developer,16550,6.239561943874059,0,6616,2.0,1.0,0.0
presto,16503,13.073237508555783,12,253029,,,
questdb,16139,11.353867214236825,93,903034,11.0,1.0,0.0
VirtualXposed,15828,7.759069130732375,50,49794,5.0,1.0,1.0
SpringBoot-Learning,15789,9.037645448323067,0,34384,2.0,1.0,0.0
Android-CleanArchitecture,15565,11.044490075290897,0,5191,3.0,1.0,0.0
mockito,15278,12.892539356605065,100,49494,3.0,1.0,0.0
hadoop,15263,11.019849418206707,0,596887,,,
bytecode-viewer,15218,10.8911704312115,61,648651,3.0,1.0,0.0
neo4j,15084,12.810403832991103,72,679549,2.0,1.0,1.0
quarkus,14979,7.167693360711842,100,416122,,,
flink-learning,14930,6.674880219028063,0,43620,3.5,1.0,0.0
pulsar,14858,9.1854893908282,100,248065,3.0,1.0,0.0
jd-gui,14748,10.447638603696099,18,56989,1.0,1.0,0.5
logstash,14637,14.798083504449007,100,131876,12.0,1.0,0.0
vert.x,14567,14.217659137577002,0,122306,4.0,1.0,1.0
CircleImageView,14531,11.630390143737166,0,1003,15.5,2.5,268.0
supertokens-core,14519,5.664613278576318,91,63845,4.0,1.0,4.0
QMUI_Android,14514,8.372347707049967,35,21963,3.0,1.0,0.5
ARouter,14493,8.725530458590006,16,26589,1.5,1.0,0.5
Arduino,14429,14.965092402464066,37,1390211,1.0,1.0,0.0
onedev,14310,6.828199863107461,100,228269,4.0,1.0,0.0
doris,14289,8.068446269678303,74,1145114,,,
zaproxy,14113,10.255989048596852,17,200954,5.0,2.0,10.0
deeplearning4j,14102,11.772758384668036,0,764664,12.5,1.0,7.0
jib,14023,7.616700889801506,100,16759,4.0,2.0,1.0
zuul,13891,12.479123887748118,29,6038,4.0,1.0,1.0
logger,13888,10.461327857631758,16,1873,6.0,1.0,0.0
dolphinscheduler,13835,6.513347022587269,53,219882,,,
druid,13830,12.865160848733744,68,395196,,,
spring-analysis,13726,8.985626283367557,0,4951,2.0,1.0,0.0
Java,13717,9.776865160848734,0,24346,1.0,1.0,0.0
pinpoint,13716,10.874743326488707,61,266704,2.0,1.0,0.0
piggymetrics,13702,10.43668720054757,2,1512,4.0,1.0,0.0
AndroidAutoSize,13694,7.049965776865161,14,3131,3.5,1.0,1.0
Luban,13677,9.114305270362765,6,5029,2.0,1.0,0.0
Material-Animations,13660,10.494182067077345,0,8692,2.5,1.0,0.0
cryptomator,13647,11.589322381930184,100,25468,7.0,1.0,1.0
mit-deep-learning-book-pdf,13598,8.410677618069816,3,43571,0.0,1.0,0.0
languagetool,13578,12.073921971252567,0,5963481,3.0,1.0,0.0
tink,13554,11.247091033538672,21,61010,3.5,1.5,0.5
PictureSelector,13541,8.6652977412731,100,542078,4.0,1.0,0.0
Android-PickerView,13481,10.688569472963723,0,6389,2.0,1.0,0.0
kkFileView,13324,7.728952772073922,16,664522,5.0,1.0,1.0
lombok,13279,16.240930869267626,0,81202,1.0,1.0,0.0
mall-learning,13258,6.398357289527721,0,39420,5.0,1.0,0.0
awesome-leetcode-resources,13225,1.864476386036961,0,244,1.0,1.0,0.0
banner,13033,9.36892539356605,0,11310,5.0,2.0,0.0
dex2jar,12908,10.472279260780287,8,8725,1.0,1.0,1.0
conductor,12778,8.7419575633128,100,29469,,,
stetho,12710,10.617385352498289,13,2392,2.0,1.0,0.0
spring-boot-admin,12689,11.1129363449692,100,84599,5.0,1.0,0.0
guice,12677,11.271731690622861,19,125307,1.0,1.0,0.0
COLA,12659,7.575633127994524,11,3828,3.0,1.0,0.0
greenDAO,12626,13.869952087611225,8,7353,4.0,1.0,0.0
eureka,12625,13.1088295687885,100,12489,3.0,1.0,0.0
mall-swarm,12612,5.776865160848733,3,54602,5.0,1.0,0.0
zookeeper,12599,16.44079397672827,0,150724,1.0,1.0,0.0
Matisse,12567,8.396988364134154,15,1991,5.0,1.0,0.0
metersphere,12476,5.587953456536619,67,421490,4.0,1.0,0.0
AndroidViewAnimations,12472,11.200547570157427,9,297,2.5,1.0,0.0
AndroidSwipeLayout,12407,11.028062970568104,18,399,2.0,1.0,0.0
Mybatis-PageHelper,12340,11.238877481177276,15,5333,5.0,1.0,0.0
jedis,12156,15.233401779603012,100,15817,3.0,1.0,1.0
android-interview-questions,12086,8.15605749486653,0,1516,0.0,1.0,0.0
plantuml,12085,14.833675564681725,60,444226,5.0,1.0,1.0
uCrop,12043,9.664613278576317,20,64991,2.0,1.0,1.0
matrix,11905,6.7323750855578375,16,199709,2.0,1.0,1.5
trino,11885,6.625598904859685,0,279322,,,
VasSonic,11871,8.093086926762492,10,16215,2.5,1.0,0.0
xManager,11859,4.569472963723477,51,4973,2.0,1.0,0.0
debezium,11852,9.618069815195073,0,69381,6.0,1.0,6.0
grpc-java,11842,10.740588637919233,100,111139,4.0,1.0,2.0
fullstack-tutorial,11682,7.397672826830938,0,65725,,,
xpipe,11638,2.6064339493497606,100,55280,5.0,1.0,1.0
webmagic,11626,12.366872005475702,33,17436,3.0,1.0,1.0
OpenSearch,11570,4.596851471594798,59,583914,7.0,1.0,0.0
OpenRefine,11518,12.889801505817934,72,406636,6.0,1.0,0.0
realm-java,11484,13.374401095140314,0,65920,4.5,2.0,0.0
CtCI-6th-Edition,11463,10.17659137577002,0,21487,1.0,1.0,1.0
ImmersionBar,11449,8.37782340862423,0,325009,2.0,1.0,0.0
Paper,11417,9.618069815195073,0,120687,5.0,1.0,3.0
newbee-mall,11394,5.95482546201232,0,36232,2.0,1.0,4.0
kafka-ui,11302,5.774127310061601,25,30382,5.0,1.0,1.0
jsoup,11243,15.71252566735113,20,6582,3.0,1.0,0.0
PermissionsDispatcher,11228,10.056125941136209,40,3009,0.5,1.0,0.5
interview,11214,11.126625598904859,0,1200,3.0,1.0,1.0
cas,11196,13.990417522245037,100,297183,6.0,1.0,15.0
lawnchair,11141,8.506502395619439,30,657588,,,
Aegis,11136,9.05407255304586,72,23077,5.0,1.0,1.0
FlycoTabLayout,11122,9.82340862422998,4,2620,3.0,2.0,1.0
SmarterStreaming,11113,9.442847364818617,0,6823341,2.0,1.0,0.0
FileDownloader,11112,9.702943189596168,65,40720,2.0,1.0,0.0
datahub,11051,9.796030116358658,100,550601,,,
SlidingMenu,11045,13.180013689253936,0,32085,3.0,2.0,0.0
androidannotations,11036,13.661875427789186,0,22510,7.0,2.0,3.5
jvm,10972,7.2032854209445585,0,66373,0.0,1.0,0.0
GmsCore,10944,11.367556468172484,41,13947,5.0,2.0,0.0
spider-flow,10927,5.4401095140314855,2,3382,2.0,1.0,0.0
javapoet,10870,12.588637919233403,0,1954,6.0,1.0,17.5
pkl,10854,1.626283367556468,16,6662,5.0,1.0,0.0
jjwt,10849,10.978781656399725,9,3494,3.0,1.0,1.0
vlayout,10774,8.517453798767967,34,1726,2.0,1.0,0.0
platform_frameworks_base,10768,16.870636550308006,0,7730448,,,
VirtualApp,10753,9.163586584531142,0,35179,3.0,1.0,1.0
Java-WebSocket,10737,15.62217659137577,19,4250,2.0,1.0,1.0
clojure,10717,15.184120465434633,0,18931,0.0,1.0,0.0
starrocks,10679,4.002737850787132,100,553818,,,
android-async-http,10631,14.537987679671458,3,3063,4.0,1.0,1.0
okhttp-OkGo,10602,9.637234770704996,14,84860,4.0,1.0,1.0
auto,10524,12.28747433264887,66,45069,2.0,2.5,1.0
JiaoZiVideoPlayer,10492,9.57700205338809,78,143896,5.0,2.0,4.0
RxPermissions,10482,9.932922655715263,11,587,2.0,1.0,0.0
Activiti,10426,12.974674880219029,100,131022,,,
zfile,10393,6.04517453798768,67,40767,4.0,1.0,0.0
resilience4j,10366,10.255989048596852,35,8488,10.0,1.0,0.0
MVPArms,10285,9.078713210130047,25,5963,5.0,1.0,3.5
aws-doc-sdk-examples,10207,9.045859000684462,0,256075,4.0,1.0,0.0
ViewPagerIndicator,10104,14.08624229979466,0,8657,5.0,3.0,0.0
Signal-Server,10076,11.737166324435318,0,20221,8.5,2.0,0.5
CoreNLP,9967,12.188911704312115,19,398489,0.0,1.0,0.0
glide-transformations,9927,10.652977412731007,0,26509,,,
easypermissions,9913,9.702943189596168,12,635,9.5,2.0,36.0
paascloud-master,9899,7.468856947296373,0,16083,1.0,1.0,0.0
JsBridge,9889,10.521560574948666,0,659,1.0,1.0,1.0
sonarqube,9884,14.663928815879535,65,960731,,,
MagicIndicator,9803,9.190965092402465,12,54749,5.0,1.0,0.0
AVLoadingIndicatorView,9770,9.86447638603696,1,14399,4.0,2.0,0.0
feign,9738,12.191649555099247,39,10047,4.0,1.0,1.0
Fragmentation,9725,9.530458590006845,30,29343,3.0,1.0,0.0
spring-reading,9710,1.9712525667351128,0,2808,2.5,1.0,0.0
spring-boot-api-project-seed,9686,8.199863107460644,4,77,3.0,1.0,0.0
spark,9660,14.335386721423683,0,2503,3.0,1.0,1.0
Android-ObservableScrollView,9650,10.822724161533197,0,13780,2.0,1.0,1.0
react-native-camera,9648,10.431211498973306,100,17586,,,
android-gif-drawable,9631,12.596851471594798,61,6065,4.0,2.0,0.0
DanmakuFlameMaster,9600,12.06570841889117,5,3580,3.0,1.0,1.0
spinnaker,9584,11.175906913073238,15,192031,,,
android-Ultra-Pull-To-Refresh,9563,10.809034907597535,8,3474,2.0,1.0,0.0
Mycat-Server,9552,10.754277891854894,7,19570,3.0,1.0,1.0
AndroidSlidingUpPanel,9498,12.262833675564682,8,2861,2.0,1.0,0.0
cim,9443,7.293634496919918,9,35165,5.0,1.0,0.0
PocketHub,9380,13.990417522245037,1,11945,5.0,1.0,0.0
cassandra,9372,16.292950034223136,0,447852,5.0,3.0,1.0
AgentWeb,9352,8.314852840520192,21,29032,3.0,1.0,0.0
EhViewer,9340,11.31006160164271,97,111228,4.0,1.0,1.0
CalendarView,9316,8.484599589322382,1,156814,4.0,2.0,4.0
JsonPath,9300,14.611909650924025,10,2694,4.0,1.0,0.0
spring-security,9300,13.650924024640657,100,89530,,,
AndroidNote,9294,9.66735112936345,0,7036,1.0,1.0,3.0
testing-samples,9277,10.899383983572895,0,12105,3.5,2.5,0.0
android-gpuimage,9129,12.917180013689254,0,1368,2.0,2.0,0.0
flyway,9112,12.722792607802875,100,1213822,,,
VirtualAPK,9042,8.183436002737851,4,1010,3.0,1.0,1.0
langchain4j,9034,2.209445585215606,52,19583,,,
jmeter,9005,15.277207392197125,10,133766,1.0,2.0,0.5
MaterialDesignLibrary,8971,10.929500342231348,3,8930,3.0,1.0,1.0
Jetpack-MVVM-Best-Practice,8950,5.845311430527036,0,10737,3.0,1.0,0.0
Android_Data,8844,10.42299794661191,0,153,2.0,1.0,3.0
storm,8811,13.96577686516085,0,27015,5.0,1.0,1.5
jna,8802,14.351813826146476,0,702730,3.0,2.0,0.0
StatusBarUtil,8799,9.555099247091034,0,9364,6.5,1.0,358.0
seatunnel,8787,8.082135523613964,52,48181,,,
flowable-engine,8726,8.892539356605065,28,236602,,,
awesome-java-leetcode,8712,8.383299110198495,0,512,1.0,1.0,0.0
Android-PullToRefresh,8687,13.765913757700206,0,4286,5.0,1.0,3.0
checkstyle,8675,12.013689253935661,100,209028,5.0,2.0,10.0
karate,8666,8.572210814510608,54,26565,4.0,1.0,1.0
Android-SpinKit,8663,9.45927446954141,0,10241,5.0,3.0,1.0
shenyu,8659,7.151266255989048,13,70234,,,
AndResGuard,8624,9.900068446269678,4,8343,4.5,1.5,45.0
react-native-image-picker,8591,10.242299794661191,100,3219,4.0,2.0,1.0
Calligraphy,8569,11.709787816563997,4,1523,6.0,1.0,4.0
Android-Debug-Database,8562,8.799452429842573,14,1639,4.0,1.0,0.0
epoxy,8561,9.073237508555783,76,34091,3.5,1.0,1.0
buck,8556,12.383299110198495,57,2024585,,,
dropwizard,8556,14.625598904859686,100,113689,4.0,2.0,0.0
junit4,8535,16.640657084188913,13,24413,3.0,1.0,0.0
ysoserial,8512,10.600958247775496,1,463,6.0,1.0,1.0
GoGoGo,8507,3.753593429158111,8,426456,3.0,1.0,1.0
tsunami-security-scanner,8462,5.253935660506502,27,1187,4.0,1.0,1.0
LSPatch,8389,4.511978097193703,9,10312,2.0,1.0,0.0
BottomBar,8388,9.47296372347707,4,40819,2.0,1.0,0.0
PojavLauncher,8386,5.4839151266255985,100,907941,4.0,1.0,1.0
hsweb-framework,8382,9.6290212183436,30,34210,,,
AndroidPdfViewer,8363,9.256673511293634,0,2724,1.0,1.0,0.0
testcontainers-java,8324,10.39835728952772,85,14226,4.0,1.0,1.0
im-server,8304,6.614647501711157,100,21912,8.0,2.0,1.0
beam,8299,9.587953456536619,53,888743,4.0,1.0,3.0
shardingsphere-elasticjob,8210,9.982203969883642,30,46074,2.0,1.0,0.0
pentaho-kettle,8176,11.906913073237508,1,712029,2.0,1.0,6.0
baritone,8159,7.093771389459275,85,16560,4.5,1.5,3.5
atlas,8151,8.514715947980836,7,84497,2.0,1.0,0.0
HMCL,8138,10.203969883641342,100,32802,3.0,1.0,0.0
transmittable-thread-local,8132,11.893223819301848,58,3619,7.5,1.0,1.0
otter,8128,12.071184120465434,10,12042,2.5,1.0,4.0
javacv,8124,11.373032169746748,13,7815,3.0,2.0,1.0
aeron,8117,11.572895277207392,100,71075,2.0,1.0,0.0
MaterialViewPager,8114,10.365503080082135,11,19557,3.0,1.0,0.0
UltimateAndroidReference,8105,8.402464065708418,0,543,1.0,1.0,0.0
LitePal,8100,12.539356605065024,0,5433,2.0,1.0,0.0
subsampling-scale-image-view,7988,12.02464065708419,21,57935,2.0,1.0,0.0
SimianArmy,7987,13.163586584531142,4,15326,5.0,1.0,2.0
iceberg,7978,6.792607802874743,31,104447,7.0,1.0,4.0
XPopup,7968,6.743326488706366,100,152978,2.0,1.0,0.0
tomcat,7951,13.927446954140999,0,185552,4.0,2.0,0.0
hugo,7931,11.775496235455167,0,201,,,
metrics,7850,15.520876112251882,100,21134,0.0,1.0,0.0
HomeMirror,7846,10.036960985626283,0,6207,2.0,1.0,0.0
react-native-svg,7837,9.631759069130732,100,90815,4.5,1.0,1.0
graylog2-server,7809,15.301848049281315,0,197368,,,
material-theme-jetbrains,7791,9.949349760438055,17,148338,3.0,2.0,1.0
RxLifecycle,7693,10.127310061601642,22,897,1.0,1.0,0.0
LeetCode-Book,7688,3.7152635181382614,0,858,1.0,1.0,0.0
MVVMHabit,7686,8.123203285420944,3,1298,2.0,1.0,0.0
vjtools,7671,7.268993839835729,9,2108,10.0,2.0,4.5
hellocharts-android,7662,10.896646132785763,14,6126,3.0,1.0,17.5
Shadow,7642,6.228610540725531,5,3644,2.0,1.0,0.0
MyBookshelf,7624,7.230663928815879,100,27255,4.0,1.0,1.0
PowerJob,7592,5.470225872689938,51,19396,0.0,1.0,0.0
android-classyshark,7589,9.897330595482547,17,24865,2.0,1.0,0.0
closure-compiler,7571,11.38672142368241,0,186906,4.0,1.0,0.0
AndroidAsync,7547,13.02943189596167,0,3720,,,
jimureport,7544,5.749486652977413,29,105008,6.5,1.0,0.0
RxJava-Android-Samples,7527,11.118412046543463,0,1188,3.0,1.0,3.0
algs4,7503,10.012320328542094,0,2025,4.0,1.0,0.0
mapstruct,7502,13.270362765229295,35,11146,0.0,1.0,0.0
LeetCode,7469,5.650924024640657,0,408,,,
swagger-core,7458,14.168377823408624,100,22910,0.0,1.0,0.0
enso,7439,8.71731690622861,100,119598,,,
1brc,7436,1.6865160848733745,0,2744,3.0,1.0,1.0
VBlog,7418,7.690622861054073,0,3841,4.0,1.0,1.0
SpringCloud-Learning,7404,9.037645448323067,0,1265,,,
Mapper,7369,10.787132101300479,8,2274,0.0,1.0,0.0
ShortcutBadger,7355,11.80287474332649,0,1231,3.0,1.0,0.0
RePlugin,7340,8.240930869267626,19,25372,3.0,1.0,0.0
MinecraftForge,7301,13.598904859685147,0,122977,2.0,1.0,1.0
dagger,7301,13.089664613278575,0,6861,2.0,1.0,1.0
gocd,7297,11.72621492128679,86,413078,,,
Android-Bootstrap,7268,11.841204654346338,5,11507,3.0,1.0,1.0
AntennaPod,7259,13.095140314852841,62,113018,6.0,1.5,1.0
sweet-alert-dialog,7249,10.877481177275838,2,1694,2.0,1.0,0.0
TakePhoto,7243,10.088980150581794,15,11513,8.0,2.0,2.0
xmall,7235,8.106776180698152,0,110866,0.0,1.0,2.0
WeChatLuckyMoney,7224,9.930184804928132,20,660,3.0,1.0,1.0
UltimateRecyclerView,7203,10.603696098562628,9,7153,3.0,1.0,0.0
DependencyCheck,7195,13.00205338809035,85,296516,3.5,1.5,0.0
agera,7167,9.716632443531827,16,968,4.0,1.0,0.0
nanohttpd,7165,13.067761806981519,3,1375,1.5,1.0,0.0
KnowStreaming,7143,5.462012320328542,23,200024,9.5,1.0,2.0
SmartTabLayout,7097,10.55441478439425,0,14671,4.0,1.0,1.0
gnirehtet,7090,8.566735112936344,12,1036,3.0,1.0,0.0
ActionBarSherlock,7075,14.496919917864476,32,21244,4.0,2.0,15.0
alluxio,7069,12.70362765229295,61,205633,6.0,1.0,1.0
automq,7059,2.0506502395619437,70,167110,2.0,1.0,1.0
Timber,7056,10.231348391512663,5,17485,3.0,1.0,0.0
error-prone,7040,11.039014373716633,58,155992,0.0,1.0,0.0
elasticsearch-sql,7033,11.030800821355236,100,8902,6.0,2.0,1.0
JavaTutorial,7029,7.345653661875428,1,4933,0.0,1.0,0.0
rest-assured,7029,14.872005475701574,0,11577,4.0,1.0,0.0
netty-socketio,6996,13.645448323066393,19,2254,2.0,1.0,0.0
joyagent-jdgenie,6992,0.13963039014373715,1,90698,4.0,1.0,0.0
wiremock,6983,13.905544147843942,51,47985,0.0,1.0,0.0
DroidPlugin,6960,10.023271731690622,2,1859,2.0,3.0,0.0
jvm-sandbox,6924,8.09034907597536,13,1874,1.0,2.5,125.5
CompreFace,6899,5.163586584531143,11,566295,6.0,1.0,0.0
okhttputils,6860,10.050650239561945,0,17152,3.0,1.0,0.0
walle,6847,8.648870636550308,1,528,2.0,2.0,0.0
springcloud-learning,6838,5.9958932238193015,0,261,,,
rabbitmq-tutorials,6808,14.954140999315538,0,5575,,,
junit-framework,6795,10.647501711156742,97,38771,1.0,1.0,1.0
java-eight-part,6795,4.884325804243669,0,308,,,
react-native-push-notification,6787,9.724845995893224,35,1688,4.0,1.0,0.0
BookReader,6783,9.086926762491444,0,31940,2.0,1.0,0.0
angel,6776,8.361396303901437,19,93586,4.0,1.0,0.0
spring-ai,6757,2.190280629705681,3,88990,,,
haven,6724,8.514715947980836,37,24387,4.0,1.0,1.0
AndroidPerformanceMonitor,6724,9.631759069130732,0,1077,2.0,1.0,2.5
itstack-demo-design,6718,5.292265571526352,0,1827,0.0,1.0,0.0
AndroidProject,6716,6.86652977412731,17,89374,3.0,1.0,1.0
AndroidPicker,6713,9.872689938398358,57,28197,3.0,1.0,0.0
mybatis-generator-gui,6710,9.325119780971937,16,14934,5.0,1.0,3.0
springBoot,6702,8.826830937713895,0,868,1.0,2.0,4.0
AndroidAutoLayout,6675,9.796030116358658,0,7466,4.0,2.0,3.0
Leaf,6671,6.7323750855578375,0,149,1.0,1.0,0.5
Recaf,6658,8.106776180698152,100,60015,5.0,1.0,1.0
storm,6653,11.83025325119781,5,156348,,,
AndPermission,6644,8.980150581793293,0,1665,4.0,1.0,0.0
hertzbeat,6616,3.5811088295687883,6,337142,5.0,1.0,0.0
byte-buddy,6611,11.775496235455167,100,1006594,3.0,1.0,0.0
quartz,6609,9.494866529774127,5,26725,7.5,1.0,1.0
Toasty,6597,8.626967830253252,19,977,1.0,1.0,0.0
zeppelin,6560,10.447638603696099,0,108431,9.0,2.0,68.0
smali,6534,12.947296372347708,0,9535,5.0,2.0,1.0
ansj_seg,6530,12.996577686516085,3,352518,4.0,2.0,0.0
AppManager,6525,5.2648870636550305,76,79868,6.0,1.0,1.0
jOOQ,6523,14.38466803559206,100,279811,7.0,1.0,3.0
TV,6523,3.2032854209445585,0,341010,4.0,1.0,3.0
processing,6504,12.61054072553046,48,1648017,1.0,1.0,0.0
Android-skin-support,6504,8.643394934976044,0,54130,6.0,2.0,4.0
XXPermissions,6492,7.222450376454483,72,86664,3.0,1.0,0.0
traccar,6460,13.385352498288844,63,24226,5.0,2.0,0.0
Spring-Cloud-Platform,6434,8.279260780287474,3,212466,0.0,1.0,56.0
Android-Image-Cropper,6425,10.636550308008214,32,26047,2.0,1.0,0.0
RoundedImageView,6424,12.53388090349076,19,8746,9.0,2.0,0.0
pig,6418,6.028747433264887,19,39098,6.5,1.5,1.0
hazelcast,6393,13.456536618754278,100,407634,3.0,1.0,0.0
async-http-client,6391,14.496919917864476,7,19154,3.0,1.0,1.0
remusic,6359,9.44832306639288,0,115952,3.0,1.0,0.0
vespa,6357,9.253935660506503,100,465843,1.0,1.0,1.0
JFoenix,6342,9.990417522245037,0,28243,9.0,2.0,1.0
jsonschema2pojo,6333,12.202600958247775,63,12231,3.0,2.0,64.0
richeditor-android,6332,10.433949349760438,0,2898,1.0,1.0,0.0
micronaut-core,6304,7.496235455167693,100,109042,9.0,1.0,6.0
from-java-to-kotlin,6293,8.290212183436003,0,265,0.5,1.0,0.0
wvp-GB28181-pro,6275,4.804928131416838,1,68243,5.0,1.0,0.0
ion,6274,12.28747433264887,0,11832,4.0,1.0,0.0
config,6261,13.74674880219028,3,4689,4.0,1.0,0.0
smile,6260,10.789869952087612,34,257996,4.0,1.0,0.0
hibernate-orm,6242,14.91854893908282,100,298991,,,
flink-cdc,6227,5.106091718001369,22,43969,,,
spring-cloud-examples,6225,8.353182751540041,0,76,4.0,1.0,0.0
gephi,6211,13.872689938398358,19,657151,5.0,2.0,0.0
graphql-java,6199,10.165639972621491,93,19389,,,
logisim-evolution,6198,10.959616700889802,31,115430,4.0,2.0,1.0
mini-spring,6195,4.7967145790554415,0,1088,2.0,1.0,0.0
IJPay,6175,8.344969199178644,24,25427,2.0,1.0,12.0
jetlinks-community,6158,5.672826830937714,20,71016,4.0,1.0,1.0
iotdb,6143,6.778918548939083,47,327511,2.0,1.0,1.0
grafika,6135,11.709787816563997,1,1092,5.0,2.0,0.0
java-jwt,6130,11.496235455167694,45,1553,2.0,1.0,1.0
QR-Code-generator,6124,9.390828199863108,5,1389,2.0,1.0,1.0
SwipeBackLayout,6123,12.030116358658454,0,2934,3.5,1.0,3.0
incubator-kie-drools,6119,14.543463381245722,6,309903,,,
NumberProgressBar,6106,11.345653661875428,3,158,0.0,1.0,0.0
MaterialEditText,6099,10.847364818617386,19,1260,2.0,1.0,3.0
useful-java-links,6060,9.557837097878165,0,2324,0.0,1.0,0.0
GhidraMCP,6056,0.4517453798767967,5,180,22.5,1.5,687.0
SoloPi,6043,6.477754962354552,8,272397,1.0,1.0,1.0
SpringBootVulExploit,6034,5.292265571526352,0,135,3.0,1.0,0.0
dynamic-load-apk,6030,11.433264887063656,0,8956,5.0,1.0,0.0
j2objc,6029,11.594798083504449,1,105697,0.0,1.0,0.0
EffectiveAndroidUI,6015,11.170431211498974,0,994,3.0,1.0,1.0
graphhopper,6009,13.544147843942506,45,138549,5.0,1.0,17.0
material,5988,10.737850787132102,10,3901,2.0,1.0,1.0
physical-web,5982,10.929500342231348,17,33447,3.0,1.0,0.0
vavr,5975,11.594798083504449,19,23023,4.0,1.0,1.0
kafdrop,5973,6.275154004106776,50,2944,3.0,1.0,0.0
robolectric,5968,15.02258726899384,100,64953,1.0,3.0,3.0
xUtils3,5967,9.853524982888432,9,9041,4.0,1.0,3.0
btrace,5961,11.019849418206707,33,17816,4.0,1.0,2.0
ssm,5957,9.212867898699521,0,12364,1.0,1.0,1.0
camel,5956,16.292950034223136,0,1124059,,,
javaparser,5943,13.848049281314168,55,45757,,,
springfox,5941,13.330595482546201,12,186279,3.0,1.0,0.0
hudi,5939,8.722792607802875,31,2178952,5.0,2.0,1.0
material-calendarview,5925,10.568104038329912,22,4823,3.0,1.0,0.0
google-java-format,5922,10.318959616700889,35,2182,2.0,1.0,1.0
androidmvp,5918,11.425051334702259,0,327,2.0,1.0,0.0
Pixiv-Shaft,5906,6.4284736481861735,100,177926,,,
pinot,5902,11.29637234770705,21,339651,,,
motan,5897,9.374401095140314,28,4696,1.0,1.0,6.0
datax-web,5892,5.796030116358659,5,43670,3.0,1.0,0.0
austin,5891,3.8275154004106775,0,20073,4.0,1.0,0.0
zxing-android-embedded,5890,12.766598220396988,9,8388,6.5,2.0,1.0
hippo4j,5885,4.2217659137577,18,23733,,,
blade,5879,10.239561943874058,9,3385,3.0,1.0,0.0
spring-ai-alibaba,5874,0.9883641341546886,10,196876,,,
Fast-Android-Networking,5843,9.456536618754278,10,2865,2.0,1.0,0.0
JSqlParser,5812,14.20123203285421,37,13746,5.0,1.0,3.0
api-samples,5808,11.737166324435318,0,816,7.0,1.0,0.0
lanproxy,5805,8.788501026694044,1,9573,4.0,1.0,1.0
BoomMenu,5804,9.462012320328542,0,103934,5.0,2.0,0.0
tcc-transaction,5796,9.749486652977414,8,7095,,,
hive,5794,16.292950034223136,0,742553,6.0,1.0,1.0
DiscreteScrollView,5788,8.506502395619439,2,33353,1.0,1.0,0.0
DiskLruCache,5774,13.66735112936345,0,416,2.0,1.0,4.0
circular-progress-button,5772,11.24435318275154,3,1029,2.0,1.0,1.0
AmazeFileManager,5767,11.143052703627653,66,62215,4.0,1.0,1.0
Discovery,5743,7.2060232717316905,100,247850,,,
jeepay,5736,8.06570841889117,0,6560,8.0,1.0,0.0
FastHub,5727,8.542094455852157,63,19973,5.0,1.0,1.0
InfiniteCycleViewPager,5725,9.034907597535934,2,279,5.0,2.0,2.0
aurora-imui,5716,8.725530458590006,42,11470,3.0,1.0,0.0
SwipeRecyclerView,5705,9.086926762491444,0,29347,3.0,1.0,0.0
lamp-cloud,5688,7.6331279945242985,0,52021,5.0,1.0,0.0
springside4,5684,13.530458590006845,3,4837,3.0,1.0,0.0
nifi,5682,10.729637234770705,0,287434,,,
MusicBot,5671,9.05681040383299,38,7798,6.0,3.0,1.0
Blurry,5662,10.119096509240247,0,2286,3.5,1.0,0.0
u2020,5661,11.80561259411362,0,9385,4.0,1.0,0.0
react-native-splash-screen,5660,8.971937029431896,12,3912,4.0,1.0,3.0
HTextView,5649,9.711156741957563,0,9880,3.5,2.0,0.0
Suwayomi-Server,5646,4.698151950718686,58,82367,,,
lettuce,5641,11.321013004791238,100,27516,3.0,1.0,1.0
spring-boot-projects,5637,8.429842573579739,0,14626,,,
AndroidImageSlider,5617,11.2580424366872,5,2165,4.5,1.5,4.0
janusgraph,5617,8.68993839835729,28,60719,4.5,1.0,0.0
linuxdeploy,5611,13.037645448323067,37,53204,5.0,2.0,3.0
EdXposed,5603,6.628336755646817,27,12036,5.0,1.0,1.0
Android-ZBLibrary,5596,10.042436687200547,25,32789,2.0,1.0,0.0
FlowLayout,5595,10.020533880903491,0,910,3.0,1.0,0.0
ShowcaseView,5579,13.05681040383299,13,15237,3.0,1.0,0.0
uid-generator,5561,8.44079397672827,0,390,1.0,1.0,1.0
disconf,5552,11.266255989048597,12,8619,3.0,1.0,1.0
ListViewAnimations,5544,12.462696783025326,14,25513,7.0,2.0,0.0
shattered-pixel-dungeon,5504,11.096509240246407,52,183014,5.5,2.0,3.0
AndroidVideoCache,5497,10.428473648186174,20,116062,2.0,1.0,1.0
StickyListHeaders,5493,13.483915126625599,16,3866,3.0,1.0,0.0
MagicCamera,5491,9.656399726214921,0,17476,2.0,1.0,0.0
jetcache,5476,8.396988364134154,67,3844,4.0,1.0,1.0
mosby,5476,10.45037645448323,15,26564,12.5,1.0,101.5
scribejava,5467,14.99794661190965,9,2624,2.0,2.0,0.0
freeline,5458,9.086926762491444,22,75385,2.0,1.0,0.0
TapTargetView,5456,8.980150581793293,24,4429,1.0,1.0,0.0
novel,5455,5.817932922655715,12,99479,2.0,1.0,0.0
barcodescanner,5449,11.526351813826146,6,10971,3.0,1.0,1.0
FastBle,5447,9.034907597535934,9,35234,2.0,1.0,0.0
wechat,5437,10.283367556468173,0,96503,3.0,1.0,0.0
library,5434,6.647501711156742,0,48023,5.0,1.0,0.0
rebound,5415,11.901437371663244,10,23623,3.0,1.0,0.0
dubbo-spring-boot-project,5406,7.627652292950034,13,1557,,,
socket.io-client-java,5405,12.353182751540041,7,2402,2.0,1.0,0.0
hbase,5393,11.285420944558522,47,502526,10.0,1.0,14.0
sensitive-word,5384,5.661875427789186,2,5658,3.0,1.0,1.0
typespec,5382,4.180698151950718,100,79540,,,
strimzi-kafka-operator,5379,9.330595482546201,100,84303,9.0,1.0,6.0
usb-serial-for-android,5377,12.180698151950718,33,945,5.0,1.0,0.0
android-job,5371,10.042436687200547,31,1860,4.0,2.0,1.0
shimmer-android,5364,10.518822724161533,5,4787,,,
groovy,5364,10.387405886379192,0,230105,4.0,2.0,1.0
MifareClassicTool,5357,12.558521560574949,8,7555,9.0,3.0,3.0
spring-data-examples,5356,11.594798083504449,0,17785,8.0,1.0,1.0
SystemBarTint,5354,11.797399041752225,3,1099,6.5,2.0,0.0
cw-omnibus,5349,13.481177275838467,36,75165,2.0,2.0,0.0
android-advancedrecyclerview,5335,10.611909650924025,1,9111,4.0,2.0,0.0
thumbnailator,5328,10.113620807665983,0,11405,2.0,1.0,0.0
XRecyclerView,5319,9.796030116358658,0,6529,1.0,1.0,0.0
OsmAnd,5317,14.636550308008214,1,1071934,4.0,1.0,4.0
generator,5311,12.563997262149213,11,61828,5.0,2.0,3.0
google-authenticator,5305,10.907597535934292,0,2433,2.5,1.0,1.0
web3j,5304,8.999315537303216,100,11576,2.0,3.0,1.0
gradle-retrolambda,5290,12.084873374401095,37,609,4.0,1.0,0.0
android-lifecycle,5271,11.381245722108146,0,3027,7.5,2.0,190.0
sodium,5271,5.593429158110883,40,7801,4.0,1.0,1.0
VitamioBundle,5268,12.876112251882272,0,186316,3.0,1.0,0.0
Android-Touch-Helper,5258,4.887063655030801,100,156765,3.0,1.0,0.0
springboot-guide,5252,6.770704996577686,0,5354,4.5,1.0,0.0
QLExpress,5246,8.473648186173854,18,3469,6.0,1.0,3.0
okdownload,5245,7.715263518138261,8,8129,,,
QAuxiliary,5243,3.597535934291581,48,8506,5.0,1.0,2.0
titan,5241,13.52498288843258,0,91250,2.0,1.0,3.0
Side-Menu.Android,5240,10.642026009582478,2,1048,2.0,1.0,3.0
BasePopup,5233,9.639972621492129,15,20627,4.0,1.0,1.0
TelegramBots,5230,9.64271047227926,100,3956,4.0,1.0,0.0
DKVideoPlayer,5230,8.402464065708418,32,90266,3.5,1.0,2.0
liquibase,5230,14.160164271047227,100,218612,3.0,1.0,1.0
twoway-view,5223,12.626967830253252,0,2554,3.5,1.5,1.0
Geyser,5220,6.160164271047228,0,33546,1.0,3.0,0.0
smartTable,5219,7.824777549623546,44,63951,2.0,1.0,0.0
Dexter,5215,9.79876796714579,33,2928,3.0,1.0,0.0
pmd,5212,13.149897330595483,100,538325,3.0,1.0,0.0
FloatingActionButton,5206,10.458590006844627,14,3389,2.0,1.0,0.0
db-tutorial,5206,8.073921971252567,0,13001,5.0,1.0,1.0
dddsample-core,5201,10.5927446954141,0,8533,4.0,1.0,1.0
picocli,5198,8.588637919233403,86,84865,3.0,1.0,1.0
megabasterd,5194,8.930869267624914,100,85025,1.0,1.0,0.0
JS-Sorting-Algorithm,5186,8.624229979466119,0,3636,3.0,1.0,1.0
views-widgets-samples,5160,5.9958932238193015,0,63755,3.0,1.0,1.0
easy-rules,5153,12.487337440109513,10,1776,4.0,1.0,0.5
ctci,5147,12.457221081451062,0,2169,2.0,1.0,1.0
otto,5145,13.188227241615332,0,703,1.0,1.0,0.0
midjourney-proxy,5144,2.3655030800821355,0,5870,5.0,1.0,0.0
JustTrustMe,5143,11.11567419575633,1,434,1.0,1.0,0.0
reactor-core,5138,9.817932922655714,100,65545,7.5,1.0,0.0
bitcoinj,5138,11.791923340177961,14,27851,2.5,1.0,1.5
YCSB,5137,15.378507871321013,55,32680,11.0,1.5,25.0
lwjgl3,5127,12.698151950718685,21,131247,4.0,2.0,0.0
fesod,5117,0.9144421629021219,5,29617,5.0,1.0,1.0
runelite,5115,9.347022587268993,0,92138,3.0,1.0,0.0
Digital,5114,9.1854893908282,35,39655,3.0,1.0,0.0
Android-IMSI-Catcher-Detector,5100,11.780971937029431,48,11276,3.0,1.0,0.0
shopping-management-system,5098,9.801505817932922,0,4353,,,
jpexs-decompiler,5089,11.321013004791238,100,298682,2.0,1.0,1.0
spotless,5085,10.35728952772074,35,21209,3.0,1.0,1.0
CameraView,5083,8.131416837782341,42,30122,3.0,1.0,0.0
Luyten,5083,12.150581793292266,17,5857,1.0,1.0,0.0
oshi,5078,13.566050650239562,100,337558,4.0,1.0,1.0
opentsdb,5063,15.025325119780971,27,41493,4.0,1.0,0.0
sofa-boot,5062,7.425051334702259,82,4868,3.0,1.0,1.0
spring-authorization-server,5052,5.467488021902806,78,6449,,,
Small,5049,9.77138945927447,25,7023,2.0,1.0,0.0
dynamic-datasource,5048,7.356605065023956,18,1181,2.5,1.0,1.0
XUI,5042,6.658453114305271,23,279853,5.0,2.0,1.0
xpay,5039,7.728952772073922,0,12147,5.0,1.0,1.0
killbill,5030,12.870636550308008,100,681640,8.5,1.0,3.0
DesignPattern,5022,8.870636550308008,0,4512,2.0,1.0,0.0
mapdb,5016,13.048596851471595,0,10247,,,
android-common,5014,13.210130047912388,1,1253,3.0,1.0,6.0
android-zxingLibrary,5013,9.1088295687885,0,10170,2.0,1.0,0.0
wgcloud,5012,6.639288158795345,29,48558,1.0,2.0,27.5
GravitySnapHelper,5002,9.010266940451745,14,83050,,,
gpmall,5001,6.132785763175907,0,56925,3.0,2.0,0.0
armeria,4998,9.801505817932922,100,279403,1.5,1.5,9.5
CloudReader,4993,8.788501026694044,26,95448,2.0,1.0,0.0
LayoutManagerGroup,4992,7.353867214236824,0,45688,4.0,2.0,0.0
dialogplus,4987,10.729637234770705,9,6790,,,
aviatorscript,4986,14.43668720054757,52,13204,3.0,1.0,1.0
spring-mvc-showcase,4986,14.255989048596852,0,765,5.0,1.0,3.0
ignite,4985,10.54072553045859,0,468148,4.0,1.0,0.0
UltraViewPager,4978,8.435318275154003,10,8873,10.0,2.0,1.0
joda-time,4977,14.30527036276523,50,12937,6.0,2.0,13.0
InstaMaterial,4968,10.817248459958932,1,4531,2.0,1.0,0.0
bisq,4955,11.482546201232033,100,936413,3.0,1.0,2.5
NavigationTabBar,4946,9.434633812457221,13,389,3.0,1.0,1.0
react-native-linear-gradient,4943,10.431211498973306,18,2251,8.0,2.0,45.0
RxJava2-Android-Samples,4940,9.021218343600275,0,499,2.0,1.0,0.0
calcite,4938,11.195071868583161,0,108095,9.0,2.0,2.0
spring-cloud-netflix,4933,11.151266255989048,24,20917,4.0,1.0,0.0
PeerBanHelper,4932,1.5742642026009583,100,104709,4.0,1.0,0.0
roncoo-pay,4923,9.125256673511293,0,18383,6.5,1.0,0.0
react-native-config,4922,9.533196440793978,30,3856,4.0,1.5,3.0
Infinity-For-Reddit,4922,7.110198494182067,100,30202,4.0,1.0,1.0
RippleEffect,4914,10.8911704312115,0,833,1.0,1.0,0.0
querydsl,4910,14.08350444900753,35,51736,8.0,2.0,1.0
spring-boot-best-practice,4909,6.8199863107460645,0,236,2.0,1.0,0.0
folding-cell-android,4901,9.426420260095824,0,26341,2.0,1.0,1.0
java-faker,4898,14.250513347022586,0,6147,2.0,1.0,0.0
cglib,4877,11.436002737850787,15,4944,3.0,1.0,0.0
orientdb,4873,12.736481861738536,100,294626,3.0,1.0,1.0
rstudio,4868,14.743326488706366,0,1028516,2.0,1.0,0.0
allure2,4863,9.273100616016427,80,15123,2.0,1.0,0.0
react-native-webrtc,4862,9.938398357289527,81,431980,4.0,1.0,0.0
poi-tl,4860,10.461327857631758,14,102730,5.0,2.0,1.0
reactive-streams-jvm,4860,11.515400410677618,0,1846,1.5,1.0,0.5
android,4856,9.245722108145106,100,533181,4.0,1.0,1.0
small-spring,4853,4.306639288158795,0,10594,0.5,1.0,0.0
packer-ng-plugin,4826,9.779603011635865,1,1458,6.0,2.0,0.0
Transitions-Everywhere,4805,10.8911704312115,23,1247,4.0,1.0,1.0
lucida,4800,11.312799452429843,0,1352332,4.5,1.0,2.0
mockserver,4794,12.5201916495551,0,51974,1.5,1.0,0.0
openai-java,4788,4.971937029431896,22,547,4.0,1.0,0.0
Android-ConvenientBanner,4771,10.699520876112253,0,12540,2.5,2.0,1.0
reflections,4768,12.386036960985626,3,1064,3.0,1.0,1.0
maven,4766,16.292950034223136,26,88721,,,
mybatis,4765,10.836413415468858,0,50815,3.0,1.0,1.0
AndroidStaggeredGrid,4751,11.737166324435318,7,878,3.0,1.0,0.0
SwitchButton,4747,10.986995208761122,0,12162,2.0,1.0,0.0
android-tips-tricks,4745,9.026694045174539,0,34266,1.0,1.0,0.0
spring-cloud-gateway,4740,8.799452429842573,36,14375,,,
FirebaseUI-Android,4735,10.157426420260096,66,28839,6.0,2.0,1.0
baseAdapter,4720,10.091718001368925,0,724,5.0,1.0,2.0
cameraview,4719,9.084188911704311,0,256,2.0,1.0,0.0
blog_demos,4715,8.405201916495551,0,247898,,,
Spring-Boot-In-Action,4715,6.6009582477754964,0,15827,1.0,1.0,1.0
micrometer,4711,8.402464065708418,100,38342,3.0,1.0,0.0
spring-security-oauth,4703,14.11088295687885,0,7273,3.5,1.0,2.5
microservices-platform,4703,6.496919917864476,30,300854,5.0,1.0,0.0
chuck,4700,8.572210814510608,5,1899,4.0,1.0,1.0
markor,4680,8.02737850787132,77,38887,4.0,1.0,1.0
ActiveAndroid,4677,12.802190280629706,0,18083,2.0,1.0,4.5
ForestBlog,4671,7.906913073237509,0,52149,3.0,1.0,0.0
esProc,4669,3.8193018480492813,0,1182395,7.0,2.0,1.0
libsvm,4660,11.983572895277208,0,9740,2.5,1.0,0.0
JSON-java,4660,14.704996577686517,24,3094,2.0,1.0,4.5
MaterialDateTimePicker,4656,10.669404517453799,54,2001,5.0,1.0,1.0
Telegram-X,4652,4.049281314168378,5,46309,4.0,1.0,1.0
SpringBoot-Shiro-Vue,4646,7.797399041752224,0,423,6.0,1.0,0.0
djl,4645,5.8507871321013,35,49378,14.0,1.5,21.5
cardslib,4644,11.956194387405887,27,30628,4.0,1.0,1.0
javacpp,4642,11.373032169746748,13,11494,2.0,2.0,1.0
PageIndicatorView,4639,9.040383299110198,14,33988,4.0,1.0,0.0
opengrok,4637,12.657084188911705,100,515766,3.0,1.0,1.0
AutoJs6,4620,3.759069130732375,20,310100,3.0,1.0,1.0
oblivion,4619,1.571526351813826,12,3316,4.0,1.0,0.5
--,4618,5.212867898699521,0,17068,7.0,1.0,1.0
ribbon,4618,12.63791923340178,41,3543,3.0,1.0,0.0
rocketmq-externals,4609,8.476386036960985,0,36288,8.0,2.0,23.0
crawler4j,4604,13.678302532511978,3,1186,2.0,1.0,1.0
JAViewer,4604,9.289527720739219,10,2335,4.0,1.0,0.0
revanced-patches,4602,1.727583846680356,100,88853,,,
ipscan,4592,14.18754277891855,31,116939,4.0,2.0,3.0
concurrent,4589,6.836413415468857,0,12619,,,
GCViewer,4588,13.867214236824093,5,6761,3.0,2.0,1.0
simplify,4584,11.633127994524298,9,103553,3.0,1.0,1.0
dynamic-tp,4581,3.6577686516084875,19,18257,10.5,2.0,1.0
quasar,4578,12.44079397672827,18,80585,3.0,1.0,0.0
WePush,4578,8.199863107460644,58,47382,3.0,1.0,1.0
SimplifyReader,4566,10.050650239561945,0,62804,2.0,1.0,0.0
JGrowing,4564,6.524298425735798,0,2987,,,
GDA-android-reversing-Tool,4560,7.84394250513347,40,82285,3.0,1.0,0.0
Douya,4558,9.59069130732375,11,25350,4.0,1.0,1.0
objectbox-java,4557,8.61054072553046,48,3295,3.0,1.0,0.0
JDA,4556,9.730321697467488,100,38411,6.0,1.0,3.0
go-lang-idea-plugin,4549,15.017111567419576,21,34753,8.0,2.0,10.0
sqlbrite,4546,10.54072553045859,9,754,2.0,1.0,0.0
Depth-LIB-Android-,4543,9.35523613963039,0,3656,2.0,1.0,0.0
booklore,4540,0.7255304585900069,91,40493,5.0,1.0,0.0
android-crop,4536,11.4798083504449,6,2835,8.0,2.0,9.0
AndroidHttpCapture,4534,8.8870636550308,1,5850,3.0,1.0,0.0
unidbg,4532,6.521560574948666,15,592048,5.5,2.0,15.5
dexposed,4531,10.184804928131417,0,1875,2.0,1.0,1.0
AndroidTutorialForBeginners,4530,8.93908281998631,0,688,6.0,2.0,0.5
SmoothProgressBar,4520,11.770020533880903,9,15681,4.0,1.0,8.0
Ant-Media-Server,4518,8.511978097193703,64,1203746,2.0,1.0,1.0
bottomsheet,4517,10.368240930869268,10,363,2.0,1.0,0.0
epic,4517,8.290212183436003,5,558,3.0,1.0,0.0
azkaban,4515,12.881587953456537,48,57554,0.0,1.0,0.0
java-algorithms-implementation,4511,11.791923340177961,0,1487,5.0,1.0,0.0
bilibili-android-client,4493,9.259411362080767,1,113179,3.0,1.0,3.0
MallChat,4492,2.4722792607802875,0,2144,5.0,1.0,0.0
NineOldAndroids,4477,13.741273100616016,0,1207,1.0,1.0,1.0
Robust,4458,8.476386036960985,13,26253,3.5,1.0,6.0
h2database,4451,10.403832991101986,23,91696,2.0,2.0,1.0
aurora,4449,3.0444900752908968,0,5261,6.0,1.0,0.0
android-mvp-architecture,4444,8.602327173169062,0,6144,3.0,1.0,0.0
android-times-square,4437,12.594113620807667,0,1541,1.0,1.0,0.0
moco,4428,12.878850102669405,1,6078,4.0,1.0,1.0
flink-recommandSystem-demo,4425,6.308008213552362,0,4692,2.5,1.0,0.0
GT,4414,9.64271047227926,3,21307,3.0,1.0,0.0
jacoco,4412,13.158110882956878,49,11717,0.0,1.0,0.0
DeepLinkDispatch,4407,10.234086242299794,24,2819,,,
IoT-Technical-Guide,4405,6.4284736481861735,0,1361,2.0,1.0,1.0
Gadgetbridge,4404,10.663928815879535,0,60912,3.0,2.0,1.0
shiro,4402,16.016427104722794,14,31337,3.0,1.0,0.0
ticker,4389,9.138945927446954,9,1681,3.0,1.0,0.0
flutter-webrtc,4378,7.498973305954825,100,540991,3.0,1.0,0.0
BottomNavigation,4364,9.462012320328542,16,3928,7.5,1.0,21.5
leet-code,4360,10.362765229295004,0,7522,2.0,1.0,0.0
serve,4349,5.924709103353867,24,126138,1.0,1.0,1.0
frontend-maven-plugin,4323,12.013689253935661,0,2198,10.5,3.0,1.0
grobid,4320,12.974674880219029,22,1774381,,,
LSPosed_mod,4315,3.4387405886379194,10,21897,6.0,1.0,1.0
ImagePicker,4314,9.604380561259411,5,21059,4.0,1.0,0.0
BGARefreshLayout-Android,4308,10.272416153319645,4,7569,3.0,1.0,1.0
crate,4297,12.402464065708418,100,166451,2.0,2.0,0.0
guide-rpc-framework,4287,5.319644079397673,0,4403,4.0,1.0,0.0
dragonwell8,4287,6.499657768651608,42,1048125,0.0,1.0,0.0
OpenHub,4281,8.150581793292266,31,10128,4.0,1.0,1.0
android-volley,4278,12.290212183436003,0,952,2.0,1.0,1.0
InternetArchitect,4274,5.878165639972622,0,298764,,,
failsafe,4273,10.184804928131417,0,1613,4.0,1.0,1.0
java-learning,4272,9.568788501026694,0,800,1.0,1.0,0.0
CircleIndicator,4270,11.099247091033538,7,4407,4.0,1.0,3.0
coursera-android,4263,11.663244353182751,0,22558,,,
android-autofittextview,4260,14.55441478439425,1,1190,4.5,1.0,1.5
jitsi,4260,12.36413415468857,7,579418,3.0,1.0,2.0
novel-plus,4258,5.341546885694729,34,46830,3.0,1.0,6.0
open-location-code,4250,10.929500342231348,5,4823,3.0,1.0,0.0
camunda-bpm-platform,4242,12.668035592060233,0,165878,,,
zotfile,4240,13.681040383299111,33,10517,,,
java-developer-roadmap,4230,6.368240930869268,0,4941,0.0,1.0,0.0
javassist,4216,12.281998631074606,24,30583,1.0,1.0,0.0
spring-boot-starter,4216,9.943874058863791,32,15491,7.0,1.0,0.5
ShineButton,4215,9.166324435318275,2,2526,6.0,2.0,6.0
dolby_beta,4209,5.295003422313484,37,101223,4.0,1.0,0.5
malmo,4201,9.300479123887747,21,28834,6.0,2.0,2.0
streampark,4200,6.275154004106776,15,48810,,,
FloatWindow,4197,7.8056125941136205,9,1002,2.0,1.0,1.0
CoordinatorTabLayout,4197,8.602327173169062,0,11528,2.0,1.0,3.0
tx-lcn,4196,7.816563997262149,14,14551,4.5,1.0,0.0
supersonic,4193,2.2313483915126624,15,87166,2.0,1.0,0.0
JKeyboardPanelSwitch,4190,10.179329226557153,14,24090,2.0,1.0,0.0
powermock,4190,11.271731690622861,16,5949,2.0,1.0,0.0
maxwell,4186,10.568104038329912,100,29483,4.0,1.0,0.0
aws-sdk-java,4178,15.455167693360712,0,6761486,,,
BGABanner-Android,4178,10.861054072553046,0,40655,4.0,1.0,1.0
campus-imaotai,4158,2.16290212183436,11,3073,14.0,1.0,0.0
fastjson2,4154,3.3867214236824092,58,130497,1.0,1.0,0.0
AndroidWiFiADB,4148,9.880903490759753,8,3109,2.0,1.0,0.0
hmily,4143,7.9342915811088295,0,3787,2.0,1.0,0.0
geoserver,4139,13.817932922655714,62,335558,2.0,1.0,1.0
AndroRAT,4131,5.453798767967146,0,40789,,,
so-novel,4117,3.2854209445585214,46,163331,5.0,1.0,0.0
LoadingDrawable,4116,9.385352498288844,0,13846,5.0,2.0,1.0
Tangram-Android,4107,8.435318275154003,38,1604,3.0,1.0,0.0
SmartCropper,4093,8.087611225188228,13,248522,2.0,1.0,0.0
chunjun,4085,7.422313483915127,30,132442,4.5,1.0,1.0
ExpandableTextView,4084,11.301848049281315,4,4287,3.0,1.0,0.5
bistoury,4084,6.094455852156058,8,32465,1.5,1.0,0.0
tiny-spring,4081,11.649555099247092,0,638,2.0,1.0,0.0
ViewPagerCards,4073,9.040383299110198,0,105,7.0,2.0,0.0
jodd,4072,12.991101984941821,37,42823,2.0,1.0,0.5
CC,4045,7.780971937029432,0,32435,1.0,1.0,0.0
greys-anatomy,4026,12.785763175906913,0,1769,0.0,1.0,1.0
jmonkeyengine,4021,11.460643394934976,76,990307,2.0,1.0,0.0
jabref,4020,11.485284052019164,45,255499,7.0,1.0,0.0
XCL-Charts,4020,11.238877481177276,0,127035,4.0,1.0,2.5
Bolts-Android,4011,11.594798083504449,11,476,3.0,1.0,0.0
OpenPDF,4010,9.149897330595483,83,43871,,,
TwinklingRefreshLayout,4002,9.508555783709788,0,82617,2.0,1.0,0.0
XChange,4001,13.587953456536619,0,51761,3.0,1.0,0.0
jetty.project,4000,14.146475017111568,100,272738,,,
Phoenix,3999,10.64476386036961,1,663,2.0,1.0,0.0
effective-java-3e-source-code,3998,7.08829568788501,0,89,1.0,1.0,0.0
bitcoin-wallet,3994,13.429158110882957,0,42022,4.0,1.0,0.0
FloatingActionButton,3992,11.121149897330595,0,11228,3.5,1.5,3.0
BigImageViewer,3988,8.826830937713895,0,55900,3.0,1.0,0.0
pdfsam,3982,11.945242984257359,66,15101,7.0,1.0,0.0
hawk,3980,10.54072553045859,22,967,2.0,1.5,10.5
tech-weekly,3979,6.757015742642026,0,19564,,,
BadgeView,3978,8.572210814510608,5,9326,2.0,1.0,0.0
lilishop,3973,4.312114989733059,3,49240,5.0,2.0,0.0
ShedLock,3971,8.731006160164272,0,9102,2.5,1.0,0.5
LiveEventBus,3968,7.151266255989048,0,2678,1.0,1.0,0.0
syncthing-android,3966,11.53182751540041,100,23375,2.5,1.0,0.0
RichText,3961,10.124572210814511,0,2485,3.0,2.0,0.0
ripme,3960,8.659822039698836,100,5152,6.0,4.0,15.0
awaitility,3960,15.616700889801505,0,1377,2.0,1.0,0.0
XposedInstaller,3958,13.423682409308693,0,18977,2.0,1.0,0.0
interviewGuide,3958,9.374401095140314,0,62214,,,
Leetcode,3956,9.095140314852841,0,11964,0.0,1.0,0.0
GuideView,3954,9.210130047912388,0,7068,1.0,1.0,0.5
mlkit,3952,5.270362765229295,1,47707,1.0,1.0,0.0
mcaselector,3952,7.370294318959616,72,23759,5.0,1.0,1.0
java-tron,3950,7.690622861054073,80,212707,6.0,2.0,1.0
android-iconify,3943,12.229979466119097,0,3689,3.5,1.0,1.0
DataMiningAlgorithm,3931,10.650239561943874,0,535,2.0,1.0,0.0
RxJavaSamples,3927,9.44832306639288,3,4613,3.0,1.0,0.0
screw,3921,5.204654346338125,0,2092,3.0,1.0,0.0
cyberduck,3921,8.621492128678987,0,644580,10.0,1.0,0.0
FlatLaf,3920,6.04517453798768,87,21916,2.0,1.0,3.0
TinyPinyin,3916,9.932922655715263,2,619,3.0,2.0,0.0
HyperCeiler,3909,1.8562628336755647,7,66459,5.0,1.0,3.0
Conductor,3908,9.470225872689939,36,3764,2.0,1.0,1.0
leetcode-editor,3901,6.464065708418891,55,30927,4.0,1.0,0.0
sofa-rpc,3897,7.408624229979466,63,4290,4.5,1.0,1.5
learning-spark,3896,11.219712525667351,0,372,0.5,1.0,0.0
BackgroundLibrary,3893,6.9869952087611225,13,14430,3.0,1.0,0.0
jstorm,3891,12.005475701574264,22,108125,6.0,1.0,1.0
xboot,3888,7.367556468172484,6,5309,6.0,1.0,0.0
IDDD_Samples,3886,12.407939767282683,0,546,3.0,1.0,4.0
Launcher3,3885,8.265571526351813,22,129066,3.0,1.0,0.0
Timeline-View,3884,9.722108145106091,15,23276,,,
FairEmail,3882,7.091033538672143,100,1111174,2.0,1.0,0.0
ruoyi-ai,3881,1.6372347707049966,6,60005,6.0,1.0,0.0
DSBridge-Android,3857,8.670773442847365,2,902,2.0,1.0,0.0
NullAway,3852,8.008213552361397,31,7169,,,
java,3837,8.32580424366872,55,58901,,,
bundletool,3831,7.337440109514032,63,10812,6.0,1.0,6.0
ahbottomnavigation,3829,9.467488021902806,14,5644,2.0,1.0,0.0
MaterialSearchView,3824,9.973990417522245,6,4665,2.0,1.0,1.0
react-native-share,3822,9.932922655715263,100,13275,3.0,3.0,10.0
HeliBoard,3820,3.490759753593429,50,290759,4.0,1.0,2.0
jshERP,3820,8.955509924709103,6,63743,3.0,1.0,13.0
AndServer,3819,9.22655715263518,1,6648,0.0,1.0,0.0
My-Blog,3816,6.505133470225872,0,30373,3.0,1.0,6.0
CircleProgress,3815,10.847364818617386,0,2538,4.0,2.0,0.0
camunda,3804,9.462012320328542,100,681545,6.0,1.0,1.0
BlurView,3804,9.371663244353183,31,13487,2.0,2.0,0.0
HaE,3798,5.448323066392882,77,11006,1.0,1.0,0.0
shopizer,3795,12.788501026694044,18,566507,5.0,1.0,1.0
MarqueeView,3792,9.259411362080767,0,12351,6.0,1.5,0.0
fernflower,3785,10.921286789869953,0,7392,0.0,1.0,0.0
mpush,3778,9.35523613963039,9,2595,2.0,1.0,0.0
pixel-dungeon,3778,11.110198494182066,0,8161,3.0,4.0,1.0
SwipeDelMenuLayout,3774,9.026694045174539,2,5660,2.0,1.0,0.0
SuperTextView,3772,8.878850102669405,39,25933,1.0,1.0,0.0
blurkit-android,3767,8.829568788501026,3,6270,9.0,2.0,0.0
Terasology,3759,14.507871321013004,70,306012,4.0,1.0,1.0
CustomActivityOnCrash,3754,11.170431211498974,12,622,6.5,1.0,5.0
roboguice,3752,13.062286105407255,0,70278,2.0,1.0,0.0
sticky-headers-recyclerview,3751,10.924024640657084,0,337,5.0,1.0,1.0
BannerViewPager,3750,8.438056125941136,59,134124,3.0,1.0,0.5
kylin,3749,10.669404517453799,2,573475,,,
signal-cli,3749,10.318959616700889,100,6190,4.0,1.0,0.0
sofa-jraft,3744,6.505133470225872,32,3197,3.0,1.0,3.0
andOTP,3742,8.167008898015059,38,13870,3.0,1.0,0.0
RoaringBitmap,3741,12.216290212183436,39,90651,4.5,1.0,19.5
spotbugs,3740,8.83230663928816,71,147329,4.0,1.0,1.0
JCTools,3729,11.816563997262149,18,7891,2.0,1.0,0.0
Skeleton,3725,8.098562628336756,0,17001,4.0,1.0,1.0
atmosphere,3719,15.181382614647502,0,113436,0.0,1.0,0.0
spruce-android,3718,8.528405201916495,3,8169,3.0,1.0,0.0
ByteLegend,3716,4.588637919233402,0,71743,4.5,1.0,9.5
ChatKit,3715,8.58590006844627,1,6136,3.0,1.5,0.0
BilibiliDown,3707,6.614647501711157,80,52803,8.0,3.0,9.0
StylishMusicPlayer,3706,8.974674880219029,0,2929,3.0,1.0,0.0
Play-with-Algorithms,3705,9.166324435318275,0,112003,3.0,1.0,0.0
SurveyKing,3704,3.994524298425736,3,87973,15.5,1.0,0.0
NoHttp,3702,10.102669404517453,0,54486,2.0,1.0,3.0
learning-note,3701,5.221081451060917,0,67620,1.0,1.0,0.0
undertow,3697,13.130732375085557,9,27832,2.0,1.0,0.0
tablesaw,3692,9.675564681724847,79,66310,32.5,1.0,3.0
Create,3689,6.132785763175907,0,89405,8.0,2.0,3.0
helidon,3680,7.02258726899384,100,119422,,,
ShadowLayout,3678,6.157426420260096,28,4204,1.0,1.0,3.0
yacy_search_server,3676,10.455852156057494,0,827744,6.0,1.0,0.0
ASimpleCache,3675,12.10403832991102,0,719,7.0,2.0,0.0
Android-BluetoothKit,3674,9.908281998631075,0,3989,2.0,1.0,0.0
light-4j,3672,8.985626283367557,100,12552,6.0,1.0,0.0
groupie,3671,9.007529089664613,28,678,2.0,1.0,0.0
grpc-spring,3670,8.678986995208762,34,3940,3.0,1.0,0.0
rejoiner,3670,7.745379876796714,3,793,13.0,1.5,4.0
databus,3668,12.714579055441478,0,51191,6.5,1.5,18.0
JavaSourceCodeLearning,3668,5.256673511293634,0,8297,1.0,1.0,0.0
Linkage-RecyclerView,3667,6.373716632443532,0,761,5.0,1.0,1.0
akhq,3655,6.9869952087611225,42,38844,5.0,1.0,0.0
chatgpt-java,3644,2.7433264887063653,24,428,3.0,1.0,0.0
android-common,3642,11.268993839835728,0,594,2.0,1.0,1.0
ftgo-application,3629,7.868583162217659,0,1010,3.0,1.0,0.0
NewbieGuide,3622,8.10403832991102,20,795,2.0,1.0,0.0
incubator-heron,3621,9.943874058863791,56,183934,,,
jackson-databind,3621,13.700205338809035,0,83562,6.0,2.0,4.0
uncle-novel,3616,6.7323750855578375,1,90992,5.0,1.0,0.0
emojicon,3613,11.627652292950033,2,9713,2.0,1.0,0.0
blossom,3612,2.080766598220397,19,63081,4.0,1.0,0.0
Alink,3609,6.929500342231348,22,18863,3.0,1.0,0.0
spock,3608,14.729637234770705,26,34999,,,
brigadier,3601,10.97056810403833,3,470,4.0,1.0,0.0
initializr,3599,12.243668720054757,17,11513,4.0,1.0,1.0
marshalsec,3592,8.28747433264887,0,469,6.0,1.0,1.0
ExplosionField,3591,9.949349760438055,0,1570,4.5,1.5,4.0
data-transfer-project,3591,7.665982203969883,61,11173,,,
android-stackblur,3589,12.054757015742641,0,6716,3.0,1.0,0.0
vertx-examples,3583,10.52703627652293,0,52011,8.0,2.0,0.0
DropDownMenu,3582,10.20123203285421,2,14892,3.0,1.0,0.0
AppUpdate,3579,8.210814510609172,3,50788,2.0,1.0,1.0
Android,3578,12.005475701574264,0,1841,,,
android-maps-utils,3577,12.303901437371664,57,20064,7.0,2.0,1.0
Chronicle-Queue,3576,12.257357973990418,100,29846,2.0,1.0,1.0
Iris,3574,4.867898699520876,100,58512,4.0,1.0,0.0
ThreeTenABP,3571,10.173853524982889,0,439,3.5,2.0,1.5
FlexibleAdapter,3571,10.343600273785079,30,10850,2.0,1.0,0.0
dinky,3568,4.238193018480493,31,38542,6.0,1.0,0.0
kubernetes-client,3568,10.157426420260096,100,517260,,,
netty-learning,3558,11.961670088980151,0,3362,6.0,1.0,0.0
hackpad,3555,10.061601642710473,0,110132,4.0,1.0,8.0
MagicaSakura,3554,9.19917864476386,3,3043,9.5,2.0,5.5
springdoc-openapi,3544,6.151950718685832,96,12084,5.0,1.0,3.0
parceler,3544,12.175222450376454,0,1565,8.0,2.0,0.0
Java,3541,8.739219712525667,0,28772,1.0,1.0,1.0
android-hidden-api,3535,9.96851471594798,2,334972,7.5,1.0,0.5
libstreaming,3534,12.594113620807667,0,1537,5.0,2.0,8.0
floatingsearchview,3534,9.787816563997263,0,7915,1.0,1.0,0.0
MyPerf4J,3534,7.485284052019165,23,1152,4.5,2.0,3.0
retrolambda,3531,12.125941136208077,0,1063,1.0,1.0,0.0
spring-cloud-kubernetes,3522,8.725530458590006,32,59709,,,
logging-log4j2,3522,12.229979466119097,15,140887,,,
Music-Player,3521,9.330595482546201,2,24772,4.0,2.0,1.0
maestro,3520,1.3853524982888432,0,2089,7.0,1.0,0.0
smart-admin,3517,5.804243668720055,22,36453,4.0,1.0,0.0
RxAndroidBle,3517,9.582477754962355,60,2949,3.0,1.0,0.0
immutables,3517,12.161533196440795,15,13271,3.0,1.0,0.0
RecyclerViewPager,3515,10.63107460643395,10,3248,2.0,1.0,0.0
Store,3512,8.763860369609857,0,2538,5.0,1.0,1.0
SwipeMenuListView,3504,11.030800821355236,2,1854,3.0,1.0,0.5
GeekNews,3504,9.075975359342916,0,83845,2.0,1.0,0.0
android,3503,10.91854893908282,33,39651,2.0,1.0,0.0
liteflow,3501,5.44558521560575,0,10462,,,
JavaEETest,3498,8.728268309377139,0,27714,4.0,1.0,2.0
ArchUnit,3494,8.372347707049967,43,16791,,,
LoadSir,3492,8.005475701574264,6,4024,3.0,2.0,0.0
AxonFramework,3490,13.757700205338809,100,63795,5.0,1.0,1.0
BottomNavigationViewEx,3476,8.810403832991103,19,1770,2.5,2.0,0.0
freeplane,3467,12.974674880219029,14,233021,3.0,1.0,0.0
Sui,3464,4.6680355920602326,21,779,3.0,1.0,0.0
migration,3464,5.6591375770020536,0,6167,1.0,1.0,0.0
openj9,3462,8.02737850787132,53,199399,1.0,1.0,0.0
concurrency-limits,3461,7.731690622861054,100,829,2.0,1.0,1.0
PreviewSeekBar,3460,8.61054072553046,10,63625,2.0,1.0,2.0
chatgpt-java,3457,2.5626283367556466,10,466,4.0,1.0,0.0
QNotified,3456,6.450376454483231,28,8766,4.0,1.0,0.0
fory,3453,2.3572895277207393,49,15693,4.0,1.0,0.0
Android-Week-View,3450,10.965092402464066,4,814,0.5,1.0,0.0
SSM,3440,9.204654346338124,10,4404,0.0,1.0,0.0
sndcpy,3437,5.23750855578371,2,171,4.5,2.0,0.0
AlgoDS,3432,8.71731690622861,0,1585,1.0,1.0,1.0
giffun,3431,6.6009582477754964,0,7432,3.0,1.0,1.0
my-site,3427,7.340177960301164,0,6365,3.0,1.0,0.0
SeeWeather,3426,9.538672142368242,2,16083,3.0,1.0,1.0
BubbleSeekBar,3423,8.83504449007529,12,43994,3.5,1.5,1.0
LQRWeChat,3420,8.572210814510608,0,120743,2.0,1.0,1.0
Toaster,3417,6.967830253251198,37,55699,1.0,1.0,0.0
volley,3416,8.61054072553046,9,1423,2.0,1.0,0.0
incubator-kie-optaplanner,3414,14.55167693360712,6,244105,,,
