nameWithOwner,createdAt,pushedAt,releases_totalCount,primaryLanguage_name,pullRequests_totalCount,closedIssues_totalCount,openIssues_totalCount,stargazers_totalCount
freeCodeCamp/freeCodeCamp,2014-12-24T17:49:19Z,2025-08-18T12:26:45Z,0,TypeScript,25702,19623,198,425972
codecrafters-io/build-your-own-x,2018-05-09T12:03:18Z,2025-07-29T21:02:41Z,0,Markdown,142,595,224,411608
EbookFoundation/free-programming-books,2013-10-11T06:50:37Z,2025-08-17T15:03:15Z,0,Python,6820,1150,31,365296
public-apis/public-apis,2016-03-20T23:49:42Z,2025-05-20T15:56:34Z,0,Python,1872,703,8,361758
kamranahmedse/developer-roadmap,2017-03-15T13:45:52Z,2025-08-18T13:54:00Z,1,TypeScript,3673,2693,248,334036
donnemartin/system-design-primer,2017-02-26T16:15:28Z,2025-05-21T11:13:33Z,0,Python,200,91,248,316397
vinta/awesome-python,2014-06-27T21:00:06Z,2025-07-17T16:35:51Z,0,Python,544,0,0,255576
facebook/react,2013-05-24T16:15:54Z,2025-08-18T13:21:24Z,105,JavaScript,12107,13185,804,238196
vuejs/vue,2013-07-29T03:24:51Z,2024-10-10T07:24:15Z,249,TypeScript,1133,9673,355,209273
TheAlgorithms/Python,2016-07-16T09:44:01Z,2025-08-12T07:30:14Z,0,Python,2975,1511,75,204133
torvalds/linux,2011-09-04T22:48:12Z,2025-08-17T22:25:37Z,0,C,10,0,0,199996
trekhleb/javascript-algorithms,2018-03-24T07:47:04Z,2025-02-12T16:19:59Z,0,JavaScript,302,229,137,193028
tensorflow/tensorflow,2015-11-07T01:19:20Z,2025-08-18T14:06:38Z,219,C++,35853,39836,891,191216
ossu/computer-science,2014-05-04T00:18:39Z,2025-07-17T02:38:25Z,0,HTML,298,638,14,190530
ohmyzsh/ohmyzsh,2009-08-28T18:15:37Z,2025-08-18T06:32:20Z,0,Shell,3376,4825,141,180774
Significant-Gravitas/AutoGPT,2023-03-16T09:21:07Z,2025-08-18T14:08:21Z,67,Python,3177,3221,161,177868
microsoft/vscode,2015-09-03T20:23:38Z,2025-08-18T14:00:50Z,176,TypeScript,36071,192806,12122,175854
twbs/bootstrap,2011-07-29T21:19:00Z,2025-08-17T18:57:38Z,93,MDX,8970,22343,407,172852
flutter/flutter,2015-03-06T22:54:58Z,2025-08-18T07:19:12Z,7,Dart,43748,96795,11892,171921
jackfrued/Python-100-Days,2018-03-01T16:05:52Z,2025-03-28T10:29:23Z,0,Jupyter Notebook,13,118,573,171009
AUTOMATIC1111/stable-diffusion-webui,2022-08-22T14:05:26Z,2025-05-03T06:17:03Z,27,Python,1874,5465,2362,155684
Snailclimb/JavaGuide,2018-05-07T13:27:00Z,2025-08-17T08:34:41Z,0,Java,1179,1032,72,151316
ollama/ollama,2023-06-26T19:39:32Z,2025-08-17T20:12:44Z,142,Go,2456,6196,1758,150425
avelino/awesome-go,2014-07-06T13:42:15Z,2025-08-18T02:46:10Z,0,Go,3457,681,6,150200
huggingface/transformers,2018-10-29T13:56:00Z,2025-08-18T14:05:49Z,222,Python,16582,16700,1088,148468
airbnb/javascript,2012-11-01T23:13:50Z,2024-12-09T06:56:18Z,0,JavaScript,810,1269,96,147273
massgravel/Microsoft-Activation-Scripts,2020-01-12T23:03:34Z,2025-08-10T21:18:38Z,24,Batchfile,6,718,2,145087
ytdl-org/youtube-dl,2010-10-31T14:35:07Z,2025-05-04T11:53:05Z,341,Python,1642,23124,3643,136888
vercel/next.js,2016-10-05T23:32:51Z,2025-08-18T14:10:38Z,1000,JavaScript,23574,21028,2317,133841
f/awesome-chatgpt-prompts,2022-12-05T13:54:13Z,2025-08-02T07:30:17Z,0,JavaScript,171,0,0,132780
n8n-io/n8n,2019-06-22T09:24:21Z,2025-08-18T14:11:38Z,378,TypeScript,10566,4480,603,130602
golang/go,2014-08-19T04:33:40Z,2025-08-16T01:10:58Z,0,Go,1,58721,9173,129458
labuladong/fucking-algorithm,2020-02-19T09:01:23Z,2025-01-31T06:30:22Z,1,Markdown,238,916,2,128922
yangshun/tech-interview-handbook,2016-07-05T05:00:48Z,2025-07-10T00:25:52Z,0,TypeScript,481,74,41,128570
Genymobile/scrcpy,2017-11-21T18:00:27Z,2025-08-12T17:04:09Z,47,C,113,3164,2448,126724
521xueweihan/HelloGitHub,2016-05-04T06:24:11Z,2025-07-30T17:30:00Z,57,Python,16,2627,213,125489
Chalarangelo/30-seconds-of-code,2017-11-29T17:35:03Z,2025-08-07T16:49:18Z,12,JavaScript,826,300,0,124938
facebook/react-native,2015-01-09T18:10:16Z,2025-08-18T13:22:02Z,410,C++,930,26539,657,123456
yt-dlp/yt-dlp,2020-10-26T04:22:55Z,2025-08-16T23:02:04Z,116,Python,2879,8125,1617,122866
microsoft/PowerToys,2019-05-01T17:44:02Z,2025-08-18T11:07:28Z,117,C#,5615,27518,6970,122295
electron/electron,2013-04-12T01:47:36Z,2025-08-18T13:49:58Z,1000,C++,23228,20287,756,117920
kubernetes/kubernetes,2014-06-06T22:56:04Z,2025-08-18T13:58:20Z,754,Go,62226,45763,1908,116934
krahets/hello-algo,2022-11-04T11:08:34Z,2025-08-05T18:33:00Z,9,Java,945,257,12,115524
langchain-ai/langchain,2022-10-17T02:58:36Z,2025-08-18T14:13:48Z,945,Jupyter Notebook,14459,8428,209,113724
nodejs/node,2014-11-26T19:57:11Z,2025-08-18T12:34:56Z,455,JavaScript,10726,17723,1718,112788
d3/d3,2010-09-27T17:22:42Z,2025-07-27T11:30:40Z,194,Shell,493,2220,11,111289
langgenius/dify,2023-04-12T07:40:24Z,2025-08-18T13:36:27Z,140,TypeScript,7002,11803,689,111283
ripienaar/free-for-dev,2015-03-18T21:06:26Z,2025-08-15T08:31:14Z,0,HTML,2757,0,0,110307
mrdoob/three.js,2010-03-23T18:58:01Z,2025-08-18T14:01:00Z,171,JavaScript,14378,12718,443,108155
axios/axios,2014-08-18T22:30:27Z,2025-08-16T01:30:24Z,97,JavaScript,1000,4563,280,107406
open-webui/open-webui,2023-10-06T22:08:27Z,2025-08-18T11:53:45Z,119,JavaScript,2493,5931,200,107010
rust-lang/rust,2010-06-16T20:39:03Z,2025-08-18T13:43:21Z,140,Rust,65508,48549,10638,105860
microsoft/TypeScript,2014-06-17T15:28:39Z,2025-08-18T00:22:27Z,212,TypeScript,14673,36853,5587,105629
excalidraw/excalidraw,2020-01-02T01:04:43Z,2025-08-18T11:39:45Z,14,TypeScript,3695,2402,1835,105552
goldbergyoni/nodebestpractices,2017-09-15T08:33:19Z,2025-04-15T21:52:42Z,0,Dockerfile,765,285,43,103946
denoland/deno,2018-05-15T01:34:26Z,2025-08-17T13:26:29Z,341,Rust,13315,10883,2275,103926
facebook/create-react-app,2016-07-17T14:55:11Z,2025-02-15T01:32:11Z,83,JavaScript,1949,6567,1833,103428
langflow-ai/langflow,2023-02-08T22:28:03Z,2025-08-18T14:04:13Z,262,Python,4602,2251,429,102194
GrowingGit/GitHub-Chinese-Top-Charts,2019-09-05T03:01:56Z,2024-10-12T06:51:36Z,0,Java,0,161,179,101238
godotengine/godot,2014-01-04T16:05:36Z,2025-08-18T13:56:36Z,61,C++,38675,45974,12087,100341
microsoft/terminal,2017-08-11T18:38:22Z,2025-08-17T22:50:53Z,136,C++,4183,11857,1601,99232
deepseek-ai/DeepSeek-V3,2024-12-26T09:52:40Z,2025-06-27T08:46:37Z,1,Python,21,555,28,98665
angular/angular,2014-09-18T16:12:01Z,2025-08-18T12:42:18Z,467,TypeScript,3873,28000,1463,98501
fatedier/frp,2015-12-21T15:24:59Z,2025-08-15T08:11:06Z,106,Go,683,3837,61,97551
papers-we-love/papers-we-love,2013-12-15T14:31:41Z,2025-05-04T18:45:38Z,0,Shell,437,245,1,97220
mui/material-ui,2014-08-18T19:11:54Z,2025-08-18T13:33:06Z,547,TypeScript,20786,18550,1617,96392
iptv-org/iptv,2018-11-14T22:00:57Z,2025-08-18T00:14:12Z,0,TypeScript,6666,14324,447,96343
rustdesk/rustdesk,2020-09-28T15:36:08Z,2025-08-18T07:09:11Z,31,Rust,3631,3557,56,95892
ant-design/ant-design,2015-04-24T15:37:24Z,2025-08-18T11:19:45Z,713,TypeScript,15757,30384,1229,95687
tauri-apps/tauri,2019-07-13T09:09:37Z,2025-08-18T13:03:23Z,1000,Rust,5161,4640,1120,95664
microsoft/generative-ai-for-beginners,2023-06-19T16:28:59Z,2025-08-18T05:10:39Z,0,Jupyter Notebook,376,165,11,95131
nvbn/thefuck,2015-04-08T15:08:04Z,2024-07-19T14:56:13Z,17,Python,481,472,287,93542
ryanmcdermott/clean-code-javascript,2016-11-25T22:25:41Z,2024-07-29T07:24:37Z,0,JavaScript,149,163,72,93357
shadcn-ui/ui,2023-01-04T12:43:27Z,2025-08-13T15:03:28Z,52,TypeScript,636,2372,969,93138
Anduin2017/HowToCook,2020-02-29T10:43:49Z,2025-08-01T16:17:17Z,4,Dockerfile,586,346,434,92510
iluwatar/java-design-patterns,2014-08-09T16:45:18Z,2025-08-05T05:50:17Z,0,Java,1507,830,129,92505
pytorch/pytorch,2016-08-13T05:26:41Z,2025-08-18T14:16:25Z,61,Python,6191,37682,15478,92468
neovim/neovim,2014-01-31T13:39:22Z,2025-08-18T07:24:22Z,45,Vim Script,16116,11466,1640,92059
puppeteer/puppeteer,2017-05-09T22:16:13Z,2025-08-18T11:50:55Z,557,TypeScript,5412,6948,266,91758
microsoft/Web-Dev-For-Beginners,2020-11-10T02:44:00Z,2025-08-07T12:15:04Z,0,JavaScript,514,242,89,91427
PanJiaChen/vue-element-admin,2017-04-17T03:35:49Z,2024-10-24T11:25:46Z,49,Vue,311,2357,1252,89776
tailwindlabs/tailwindcss,2017-10-06T14:59:14Z,2025-08-18T13:56:11Z,290,TypeScript,3070,4458,77,89629
fastapi/fastapi,2018-12-08T08:21:47Z,2025-08-18T06:35:08Z,208,Python,2736,3417,49,88501
storybookjs/storybook,2016-03-18T04:23:44Z,2025-08-18T07:44:50Z,1000,TypeScript,11470,11612,2074,87537
supabase/supabase,2019-10-12T05:56:49Z,2025-08-18T13:52:07Z,22,TypeScript,12902,4405,247,87266
jaywcjlove/awesome-mac,2016-07-17T15:33:47Z,2025-08-17T18:07:55Z,12,JavaScript,990,365,113,87263
openai/whisper,2022-09-16T20:02:54Z,2025-06-26T01:05:52Z,13,Python,119,0,0,86818
nvm-sh/nvm,2010-04-15T17:47:47Z,2025-07-03T22:16:48Z,70,Shell,729,1997,317,86428
comfyanonymous/ComfyUI,2023-01-17T03:15:56Z,2025-08-18T07:30:09Z,72,Python,1178,3645,2487,85812
ChatGPTNextWeb/NextChat,2023-03-10T18:27:54Z,2025-08-10T09:21:12Z,77,TypeScript,889,2887,659,85512
2dust/v2rayN,2019-07-30T03:47:24Z,2025-08-18T12:10:56Z,263,C#,267,6006,7,85149
bitcoin/bitcoin,2010-12-19T15:16:43Z,2025-08-18T10:54:35Z,56,C++,15498,8267,412,85075
ggml-org/llama.cpp,2023-03-10T18:58:00Z,2025-08-18T10:59:01Z,1000,C++,5468,5349,330,85062
django/django,2012-04-28T02:47:18Z,2025-08-17T18:43:20Z,0,Python,9845,0,0,84611
sveltejs/svelte,2016-11-20T18:13:05Z,2025-08-18T13:20:02Z,510,JavaScript,5986,7679,812,83780
gin-gonic/gin,2014-06-16T23:57:25Z,2025-08-12T07:40:45Z,27,Go,1114,1680,667,83630
opencv/opencv,2012-07-19T09:40:17Z,2025-08-18T09:00:04Z,66,C++,13074,8629,2603,83592
gohugoio/hugo,2013-07-04T15:26:26Z,2025-08-16T08:51:26Z,337,Go,2953,7355,439,82914
gothinkster/realworld,2016-02-26T20:49:53Z,2025-08-16T23:17:37Z,0,TypeScript,433,503,39,82229
mermaid-js/mermaid,2014-11-01T23:52:32Z,2025-08-18T12:52:26Z,157,TypeScript,2432,2096,1270,82193
animate-css/animate.css,2011-10-12T10:07:38Z,2024-07-29T19:34:21Z,22,CSS,315,841,39,82050
laravel/laravel,2011-06-08T03:06:08Z,2025-08-15T13:59:01Z,197,Blade,1640,0,0,81850
macrozheng/mall,2018-04-04T01:11:44Z,2025-08-11T08:27:41Z,3,Java,1,487,10,81318
home-assistant/core,2013-09-17T07:29:48Z,2025-08-18T13:08:28Z,1000,Python,75711,60026,2372,80796
DigitalPlatDev/FreeDomain,2024-05-30T13:23:00Z,2025-05-14T11:36:42Z,0,HTML,0,0,0,80020
tonsky/FiraCode,2014-11-11T19:32:38Z,2025-05-16T14:49:21Z,29,Clojure,137,954,410,79908
oven-sh/bun,2021-04-14T00:48:17Z,2025-08-18T10:20:12Z,196,Zig,5951,8280,4774,79763
3b1b/manim,2015-03-22T18:50:58Z,2025-06-14T15:50:43Z,13,Python,642,761,451,79603
spring-projects/spring-boot,2012-10-19T15:02:57Z,2025-08-18T13:22:44Z,317,Java,42,38647,584,78122
doocs/advanced-java,2018-10-06T11:38:30Z,2025-07-16T12:17:25Z,1,Java,88,146,1,78105
bregman-arie/devops-exercises,2019-10-03T17:31:21Z,2025-08-07T17:27:38Z,0,Python,302,64,35,77978
tensorflow/models,2016-02-05T01:15:20Z,2025-08-14T21:55:50Z,50,Python,2341,6236,1076,77621
microsoft/ML-For-Beginners,2021-03-03T01:34:05Z,2025-08-07T11:21:18Z,0,HTML,374,140,6,76662
nomic-ai/gpt4all,2023-03-27T18:49:32Z,2025-05-27T20:05:19Z,38,C++,934,1487,698,76446
MisterBooo/LeetCodeAnimation,2018-12-06T08:01:22Z,2023-08-14T12:14:01Z,0,Java,63,42,20,76392
microsoft/playwright,2019-11-15T18:32:42Z,2025-08-18T14:12:47Z,150,TypeScript,15046,15461,831,76084
netdata/netdata,2013-06-17T18:39:10Z,2025-08-18T14:12:16Z,120,C,10908,7944,167,75578
FortAwesome/Font-Awesome,2012-02-17T14:19:43Z,2025-07-24T14:27:19Z,60,JavaScript,211,15887,3852,75573
fighting41love/funNLP,2018-08-21T11:20:39Z,2024-05-10T07:38:24Z,0,Python,14,47,34,75514
syncthing/syncthing,2013-11-26T09:48:21Z,2025-08-18T04:05:26Z,439,Go,2752,5361,332,75127
anuraghazra/github-readme-stats,2020-07-09T10:34:22Z,2025-08-15T18:39:26Z,0,JavaScript,1303,1108,196,75104
vitejs/vite,2020-04-21T05:03:57Z,2025-08-18T13:35:54Z,597,TypeScript,5573,7611,468,74789
typicode/json-server,2013-11-27T13:21:13Z,2025-03-31T11:11:50Z,38,JavaScript,121,549,619,74783
unionlabs/union,2023-05-16T22:33:39Z,2025-08-18T13:30:41Z,95,Rust,2745,1590,231,74098
elastic/elasticsearch,2010-02-08T13:20:56Z,2025-08-18T14:06:36Z,202,Java,80348,36238,4313,73569
hoppscotch/hoppscotch,2019-08-21T13:15:24Z,2025-08-18T09:12:15Z,83,TypeScript,1861,1554,488,73540
coder/code-server,2019-02-27T16:50:41Z,2025-08-16T01:59:28Z,200,TypeScript,1576,3569,133,73442
louislam/uptime-kuma,2021-07-03T01:02:42Z,2025-08-09T17:31:44Z,111,JavaScript,1317,3449,707,73371
immich-app/immich,2022-02-03T15:56:27Z,2025-08-18T13:37:10Z,259,TypeScript,7108,5674,576,73153
junegunn/fzf,2013-10-23T16:04:23Z,2025-08-17T02:54:32Z,70,Go,593,2780,233,72972
hacksider/Deep-Live-Cam,2023-09-24T13:19:31Z,2025-08-11T13:37:45Z,8,Python,85,915,65,72546
nestjs/nest,2017-02-04T20:12:52Z,2025-08-18T06:49:57Z,131,TypeScript,7400,5642,28,72278
microsoft/markitdown,2024-11-13T19:56:40Z,2025-08-11T21:41:01Z,14,Python,147,69,253,71948
d2l-ai/d2l-zh,2017-08-23T04:40:24Z,2024-07-30T09:32:19Z,16,Python,1019,0,0,71774
CompVis/stable-diffusion,2022-08-10T14:36:44Z,2024-06-18T01:53:49Z,0,Jupyter Notebook,5,195,532,71342
clash-verge-rev/clash-verge-rev,2023-11-21T18:24:03Z,2025-08-18T12:43:42Z,49,TypeScript,313,3659,97,70746
abi/screenshot-to-code,2023-11-14T17:53:32Z,2025-07-27T20:51:24Z,0,Python,49,277,104,70745
redis/redis,2009-03-21T22:32:25Z,2025-08-15T07:15:16Z,95,C,4158,4627,2150,70503
moby/moby,2013-01-18T18:10:57Z,2025-08-18T13:54:45Z,237,Go,21467,19927,3193,70485
pallets/flask,2010-04-06T11:11:59Z,2025-06-12T20:48:14Z,36,Python,1604,2686,6,70189
google-gemini/gemini-cli,2025-04-17T17:04:31Z,2025-08-18T13:25:45Z,43,TypeScript,1821,1831,1565,70184
ventoy/Ventoy,2020-03-10T15:19:19Z,2025-08-18T03:59:10Z,104,C,280,1668,859,69912
grafana/grafana,2013-12-11T15:59:56Z,2025-08-18T14:13:06Z,550,TypeScript,56617,37433,3470,69499
hakimel/reveal.js,2011-06-07T18:54:22Z,2025-08-05T08:24:50Z,49,JavaScript,409,1690,771,69423
josephmisiti/awesome-machine-learning,2014-07-15T19:11:19Z,2025-08-13T18:34:54Z,0,Python,872,93,0,69351
swisskyrepo/PayloadsAllTheThings,2016-10-18T07:29:07Z,2025-08-14T09:11:08Z,5,Python,548,0,0,69273
binary-husky/gpt_academic,2023-03-20T09:05:13Z,2025-07-31T14:22:25Z,32,Python,223,1478,263,69128
strapi/strapi,2015-09-30T15:34:48Z,2025-08-18T14:06:38Z,477,TypeScript,9118,10177,990,69113
swiftlang/swift,2015-10-23T21:15:07Z,2025-08-18T14:15:02Z,60,C++,55399,9418,7347,68969
tesseract-ocr/tesseract,2014-08-12T18:04:59Z,2025-08-15T21:00:54Z,34,C++,1411,2303,422,68888
protocolbuffers/protobuf,2014-08-26T15:52:15Z,2025-08-18T12:11:37Z,195,C++,7770,6406,233,68826
base/node,2023-02-01T13:55:02Z,2025-08-14T13:15:56Z,54,Go,186,190,49,68445
python/cpython,2017-02-10T19:23:51Z,2025-08-18T13:55:44Z,0,Python,52745,66083,7231,68416
sherlock-project/sherlock,2018-12-24T14:30:48Z,2025-05-06T09:55:10Z,1,Python,642,970,104,68057
browser-use/browser-use,2024-10-31T16:00:56Z,2025-08-18T02:01:25Z,72,Python,958,549,501,67874
ocornut/imgui,2014-07-21T14:29:47Z,2025-08-13T15:38:27Z,114,C++,405,5519,1012,67625
apache/superset,2015-07-21T18:55:34Z,2025-08-18T08:50:25Z,231,TypeScript,14803,11148,470,67620
expressjs/express,2009-06-26T18:56:01Z,2025-08-13T01:53:39Z,160,JavaScript,458,3885,105,67528
openai/openai-cookbook,2022-03-11T02:08:53Z,2025-08-15T23:49:03Z,0,Jupyter Notebook,858,556,40,67225
Alvin9999/new-pac,2016-03-23T08:43:36Z,2025-08-18T14:18:43Z,0,Python,0,1332,434,67106
PKUFlyingPig/cs-self-learning,2021-10-20T13:43:42Z,2025-07-28T15:10:30Z,5,HTML,296,104,107,66495
chartjs/Chart.js,2013-03-17T23:56:36Z,2025-08-18T04:22:01Z,116,JavaScript,3002,6804,461,66383
obsproject/obs-studio,2013-10-01T02:40:31Z,2025-08-12T00:45:43Z,223,C,5197,3926,673,66254
caddyserver/caddy,2015-01-13T19:45:03Z,2025-08-14T14:38:43Z,128,Go,2116,4142,179,66197
localsend/localsend,2022-12-16T00:46:07Z,2025-08-14T20:26:06Z,24,Dart,667,644,783,66116
ansible/ansible,2012-03-06T14:58:02Z,2025-08-15T22:37:41Z,161,Python,39178,32466,552,65954
Eugeny/tabby,2016-12-23T09:06:10Z,2025-08-17T20:47:39Z,200,TypeScript,1489,3412,2294,65566
leonardomso/33-js-concepts,2018-09-04T13:27:04Z,2025-08-18T10:06:29Z,0,JavaScript,252,81,22,65527
webpack/webpack,2012-03-10T10:08:14Z,2025-08-18T12:55:13Z,438,JavaScript,5104,9970,120,65489
nektos/act,2019-01-02T19:53:43Z,2025-08-12T19:13:15Z,88,Go,1045,1061,220,65173
astral-sh/uv,2023-10-02T20:24:11Z,2025-08-18T14:14:12Z,207,Rust,7152,5413,1907,65117
danielmiessler/SecLists,2012-02-19T01:30:18Z,2025-08-18T14:04:20Z,28,PHP,681,290,6,65000
xtekky/gpt4free,2023-03-29T17:00:43Z,2025-08-17T13:32:51Z,329,Python,812,1851,8,64967
AppFlowy-IO/AppFlowy,2021-06-16T12:56:48Z,2025-08-13T12:16:13Z,111,Dart,3882,2641,970,64962
modelcontextprotocol/servers,2024-11-19T01:10:17Z,2025-08-17T22:32:35Z,19,TypeScript,865,452,177,64737
lobehub/lobe-chat,2023-05-21T07:19:12Z,2025-08-18T13:15:48Z,1000,TypeScript,2492,3434,874,64584
rasbt/LLMs-from-scratch,2023-07-23T18:15:57Z,2025-08-17T13:23:07Z,0,Jupyter Notebook,384,165,5,64495
Stirling-Tools/Stirling-PDF,2023-01-27T18:22:42Z,2025-08-18T12:19:32Z,135,Java,2197,1077,312,64408
apache/echarts,2013-04-03T03:18:59Z,2025-08-18T06:08:23Z,122,TypeScript,1446,17218,1858,64387
kdn251/interviews,2017-02-14T18:19:25Z,2025-05-12T12:56:04Z,0,Java,42,24,32,64357
zed-industries/zed,2021-02-20T03:01:06Z,2025-08-18T14:15:14Z,960,Rust,16195,11395,2632,63944
kelseyhightower/nocode,2018-02-06T23:54:00Z,2024-08-07T03:19:12Z,1,Dockerfile,1,716,4146,63764
jesseduffield/lazygit,2018-05-19T00:53:06Z,2025-08-18T07:27:42Z,169,Go,1686,1591,698,63725
twitter/the-algorithm,2023-03-27T14:57:57Z,2024-07-10T07:07:01Z,0,Scala,2,729,280,63498
keras-team/keras,2015-03-28T00:35:42Z,2025-08-17T00:55:37Z,80,Python,4228,12293,232,63344
juliangarnier/anime,2016-03-13T21:37:45Z,2025-08-13T09:42:37Z,22,JavaScript,79,718,75,63243
scikit-learn/scikit-learn,2010-08-17T09:43:38Z,2025-08-18T13:48:06Z,47,Python,13448,10066,1580,63055
TheAlgorithms/Java,2016-07-16T10:21:02Z,2025-08-15T21:18:56Z,0,Java,2015,1100,6,62727
resume/resume.github.com,2011-02-06T13:39:55Z,2023-02-15T06:38:51Z,0,JavaScript,84,66,56,62597
labmlai/annotated_deep_learning_paper_implementations,2020-08-25T02:29:34Z,2025-08-12T06:41:39Z,0,Python,101,113,24,62585
infiniflow/ragflow,2023-12-12T06:13:13Z,2025-08-18T13:17:29Z,29,TypeScript,3689,2282,2632,62558
chrislgarry/Apollo-11,2014-04-03T15:45:02Z,2025-08-07T19:45:50Z,0,Assembly,343,326,56,62471
socketio/socket.io,2010-03-11T18:24:48Z,2025-08-16T07:10:41Z,75,TypeScript,435,3422,194,62307
All-Hands-AI/OpenHands,2024-03-13T03:33:31Z,2025-08-18T14:21:03Z,75,Python,5076,2933,318,62251
FuelLabs/sway,2021-01-19T20:54:33Z,2025-08-15T20:29:15Z,178,Rust,3495,2448,849,62147
facebook/docusaurus,2017-06-20T16:13:53Z,2025-08-15T11:43:52Z,151,TypeScript,5482,3025,294,61336
reduxjs/redux,2015-05-29T23:53:15Z,2025-07-24T14:32:21Z,78,TypeScript,1720,2025,38,61306
lodash/lodash,2012-04-07T04:11:46Z,2024-12-12T22:27:04Z,2,JavaScript,581,4228,84,60850
dair-ai/Prompt-Engineering-Guide,2022-12-16T16:04:50Z,2025-08-13T20:22:11Z,0,MDX,338,71,151,60833
atom/atom,2012-01-20T18:18:21Z,2023-01-03T10:49:48Z,538,JavaScript,3933,16148,962,60569
h5bp/Front-end-Developer-Interview-Questions,2012-02-09T23:34:10Z,2025-08-12T14:41:23Z,0,Nunjucks,484,143,34,60502
openinterpreter/open-interpreter,2023-07-14T07:10:44Z,2025-08-06T17:38:07Z,48,Python,369,797,228,60302
localstack/localstack,2016-10-25T23:48:03Z,2025-08-18T12:34:25Z,94,Python,6211,5755,237,60136
adam-p/markdown-here,2012-05-13T03:27:22Z,2025-07-10T01:19:23Z,17,JavaScript,27,324,305,59997
alacritty/alacritty,2016-02-18T05:02:30Z,2025-08-17T12:13:34Z,101,Rust,1887,5800,323,59979
prometheus/prometheus,2012-11-24T11:14:12Z,2025-08-18T08:13:25Z,341,Go,7623,5640,521,59966
rust-lang/rustlings,2015-09-15T02:25:18Z,2025-08-18T10:01:40Z,45,Rust,912,686,50,59650
jquery/jquery,2009-04-03T15:20:14Z,2025-08-12T20:06:59Z,11,JavaScript,811,2285,80,59541
NationalSecurityAgency/ghidra,2019-03-01T03:27:48Z,2025-08-18T11:22:14Z,45,Java,520,4059,1468,59486
Shubhamsaboo/awesome-llm-apps,2024-04-29T05:30:25Z,2025-08-18T02:24:57Z,0,Python,132,87,3,59375
ryanoasis/nerd-fonts,2014-12-05T04:31:17Z,2025-08-03T13:24:02Z,38,CSS,550,1062,28,59208
shadowsocks/shadowsocks-windows,2013-01-14T07:54:16Z,2025-01-01T08:09:55Z,55,C#,290,2727,185,58981
tldr-pages/tldr,2013-12-08T07:34:43Z,2025-08-18T09:26:05Z,6,Markdown,14677,1338,181,58869
angular/angular.js,2010-01-06T00:34:37Z,2024-04-12T17:43:16Z,0,JavaScript,789,8649,391,58754
spring-projects/spring-framework,2010-12-08T04:04:45Z,2025-08-18T10:02:44Z,341,Java,870,26810,278,58674
meta-llama/llama,2023-02-14T09:29:12Z,2025-01-26T21:42:26Z,0,Python,53,652,444,58648
scrapy/scrapy,2010-02-22T02:01:14Z,2025-08-16T07:35:23Z,43,Python,2388,2712,467,57979
nuxt/nuxt,2016-10-26T11:18:47Z,2025-08-18T14:20:28Z,256,TypeScript,6886,15868,783,57948
FoundationAgents/MetaGPT,2023-06-30T09:04:55Z,2025-06-30T11:45:55Z,22,Python,660,853,10,57926
youngyangyang04/leetcode-master,2019-12-14T12:05:42Z,2025-08-13T05:58:41Z,0,Shell,2306,66,206,57837
gorhill/uBlock,2015-04-01T17:51:11Z,2025-08-18T13:40:32Z,277,JavaScript,252,3432,13,57749
FuelLabs/fuel-core,2020-08-27T21:12:14Z,2025-08-15T12:16:46Z,123,Rust,1553,970,142,57537
rails/rails,2008-04-11T02:19:47Z,2025-08-18T08:53:07Z,149,Ruby,25146,17713,479,57294
h5bp/html5-boilerplate,2010-01-24T18:03:24Z,2025-08-01T07:44:25Z,34,JavaScript,790,1346,8,57118
Solido/awesome-flutter,2017-05-07T11:45:27Z,2025-07-20T21:50:22Z,0,Dart,444,0,0,56878
nocodb/nocodb,2017-10-29T18:51:48Z,2025-08-18T12:47:19Z,174,TypeScript,5268,3605,628,56494
zylon-ai/private-gpt,2023-05-02T09:15:31Z,2024-11-13T19:30:32Z,10,Python,224,961,252,56470
scutan90/DeepLearning-500-questions,2018-06-27T06:36:45Z,2024-06-26T12:10:14Z,0,JavaScript,302,81,110,56457
hiyouga/LLaMA-Factory,2023-05-28T10:09:12Z,2025-08-18T10:22:47Z,34,Python,686,6727,580,56352
jgraph/drawio-desktop,2017-05-25T20:58:42Z,2025-07-23T09:09:44Z,159,JavaScript,20,1570,63,56352
soimort/you-get,2012-08-20T15:53:36Z,2025-04-27T15:33:25Z,123,Python,582,0,0,56338
FiloSottile/mkcert,2018-06-25T05:33:03Z,2024-08-13T13:37:46Z,14,Go,52,239,105,56118
traefik/traefik,2015-09-13T19:04:02Z,2025-08-13T08:30:07Z,481,Go,4697,5706,642,56113
git/git,2008-07-23T14:21:26Z,2025-08-17T23:09:34Z,0,C,3,0,0,56078
gatsbyjs/gatsby,2015-05-21T22:43:05Z,2025-08-18T13:32:42Z,149,JavaScript,18183,13901,218,55917
commaai/openpilot,2016-11-24T01:33:30Z,2025-08-18T14:07:51Z,57,Python,11756,2928,127,55828
vllm-project/vllm,2023-02-09T11:23:20Z,2025-08-18T13:35:48Z,72,Python,8586,8442,1791,55593
azl397985856/leetcode,2018-03-30T09:13:51Z,2025-07-16T09:42:17Z,40,JavaScript,257,248,9,55570
remix-run/react-router,2014-05-16T22:22:51Z,2025-08-18T14:22:50Z,310,TypeScript,3176,8036,101,55380
topjohnwu/Magisk,2016-09-08T12:42:53Z,2025-08-18T06:58:44Z,151,Kotlin,1613,6222,37,55348
ageitgey/face_recognition,2017-03-03T21:52:39Z,2024-08-21T06:22:36Z,2,Python,94,595,775,55270
ultralytics/yolov5,2020-05-18T03:45:11Z,2025-08-18T06:55:17Z,10,Python,2206,9173,257,55036
CorentinJ/Real-Time-Voice-Cloning,2019-05-26T08:56:15Z,2025-05-30T11:41:05Z,0,Python,48,896,205,54873
AntonOsika/gpt-engineer,2023-04-29T12:52:15Z,2025-05-14T10:15:10Z,20,Python,350,470,31,54728
minio/minio,2015-01-14T19:23:58Z,2025-08-12T18:22:12Z,519,Go,9853,7771,36,54647
BurntSushi/ripgrep,2016-03-11T02:02:33Z,2025-08-17T21:39:10Z,72,Rust,516,1578,131,54524
deepfakes/faceswap,2017-12-19T09:44:13Z,2025-07-11T17:20:12Z,4,Python,357,847,34,54415
toeverything/AFFiNE,2022-07-31T18:45:21Z,2025-08-18T05:35:29Z,569,TypeScript,8710,2735,269,54369
ElemeFE/element,2016-09-03T06:19:26Z,2024-08-20T07:40:13Z,145,Vue,3231,15250,2613,54241
pmndrs/zustand,2019-04-09T09:10:06Z,2025-08-09T15:04:58Z,97,TypeScript,804,688,2,54184
lencx/ChatGPT,2022-12-07T09:43:02Z,2024-08-29T17:58:11Z,34,Rust,123,361,836,54020
sharkdp/bat,2018-04-21T10:52:23Z,2025-08-16T12:49:16Z,41,Rust,1460,1189,326,53976
golang-standards/project-layout,2017-09-09T16:33:26Z,2025-01-14T03:24:13Z,0,Makefile,90,44,68,53506
necolas/normalize.css,2011-05-04T10:20:25Z,2024-06-12T20:36:06Z,0,CSS,56,461,56,53355
Textualize/rich,2019-11-10T15:28:09Z,2025-08-13T10:52:09Z,170,Python,836,1223,207,53348
Z4nzu/hackingtool,2020-04-11T09:21:31Z,2025-03-03T15:17:19Z,0,Python,56,321,52,53292
psf/requests,2011-02-13T18:38:17Z,2025-08-17T16:30:16Z,13,Python,1590,3860,198,53184
maybe-finance/maybe,2024-01-01T22:23:46Z,2025-07-24T22:20:44Z,28,Ruby,1073,0,0,53081
pi-hole/pi-hole,2014-06-08T15:02:55Z,2025-08-16T19:02:44Z,118,Shell,2106,3043,37,52972
withastro/astro,2021-03-15T17:19:47Z,2025-08-18T14:17:32Z,1000,TypeScript,7315,5400,158,52894
meilisearch/meilisearch,2018-04-23T11:45:28Z,2025-08-18T14:22:30Z,266,Rust,2146,2095,210,52798
PaddlePaddle/PaddleOCR,2020-05-08T10:38:16Z,2025-08-18T02:41:01Z,23,Python,2931,9744,134,52730
appwrite/appwrite,2019-04-08T16:36:25Z,2025-08-18T14:17:38Z,112,TypeScript,3831,3460,621,52324
FFmpeg/FFmpeg,2011-04-14T14:12:38Z,2025-08-18T14:13:22Z,0,C,16,0,0,52312
rclone/rclone,2014-03-16T16:19:57Z,2025-08-18T00:16:46Z,114,Go,2110,4812,972,52127
rust-unofficial/awesome-rust,2014-07-17T10:45:10Z,2025-08-17T08:06:05Z,0,Rust,1568,132,10,52106
ionic-team/ionic-framework,2013-08-20T23:06:02Z,2025-08-18T14:15:37Z,913,TypeScript,6294,21480,573,51986
wagoodman/dive,2018-05-13T15:44:01Z,2025-08-12T01:52:42Z,28,Go,164,202,157,51733
mozilla/pdf.js,2011-04-26T06:32:03Z,2025-08-17T14:31:16Z,76,JavaScript,8087,9872,402,51610
facebookresearch/segment-anything,2023-03-23T17:03:03Z,2024-09-18T17:46:55Z,0,Jupyter Notebook,15,178,525,51564
vuejs/core,2018-06-12T13:49:36Z,2025-08-18T14:06:33Z,245,TypeScript,3206,5092,676,51332
sickcodes/Docker-OSX,2020-06-04T11:01:37Z,2025-06-06T10:08:10Z,0,Shell,107,281,386,51196
Semantic-Org/Semantic-UI,2013-04-08T23:32:04Z,2024-11-27T21:01:48Z,154,JavaScript,355,5268,967,51190
JetBrains/kotlin,2012-02-13T17:29:58Z,2025-08-18T14:23:46Z,265,Kotlin,2064,0,0,51119
unclecode/crawl4ai,2024-05-09T09:48:50Z,2025-08-18T06:22:54Z,8,Python,87,644,143,51118
google/guava,2014-05-29T16:23:17Z,2025-08-13T20:49:53Z,56,Java,1013,2991,628,51018
marktext/marktext,2017-11-12T16:05:25Z,2024-08-18T21:21:46Z,36,JavaScript,939,1637,1270,50938
laurent22/joplin,2017-01-16T21:49:41Z,2025-08-18T13:10:20Z,384,TypeScript,4383,6695,536,50856
prettier/prettier,2016-11-29T17:13:37Z,2025-08-17T14:23:49Z,127,JavaScript,8872,5736,1219,50844
starship/starship,2019-04-02T03:23:12Z,2025-08-18T02:29:13Z,135,Rust,2898,1772,737,50572
romkatv/powerlevel10k,2019-02-24T19:09:45Z,2025-04-29T13:00:59Z,33,Shell,167,2466,106,50548
jekyll/jekyll,2008-10-20T06:29:03Z,2025-07-11T12:07:19Z,112,Ruby,3188,4781,116,50477
xai-org/grok-1,2024-03-17T08:53:38Z,2024-08-30T04:17:25Z,0,Python,5,0,0,50406
TryGhost/Ghost,2013-05-04T11:09:13Z,2025-08-18T14:14:00Z,902,JavaScript,14250,7064,61,50311
DefinitelyTyped/DefinitelyTyped,2012-10-05T16:39:45Z,2025-08-18T08:14:35Z,1,TypeScript,52095,7523,567,50210
go-gitea/gitea,2016-11-01T02:13:26Z,2025-08-18T00:40:59Z,216,Go,17764,12292,2584,50189
RVC-Boss/GPT-SoVITS,2024-01-14T18:05:21Z,2025-08-02T09:47:15Z,4,Python,338,1176,710,50122
WerWolv/ImHex,2020-11-10T14:27:00Z,2025-08-18T00:12:01Z,80,C++,670,1180,236,50117
OpenBB-finance/OpenBB,2020-12-20T10:46:38Z,2025-08-18T06:09:10Z,46,Python,4114,2194,50,50112
etcd-io/etcd,2013-07-06T21:57:21Z,2025-08-16T06:24:35Z,259,Go,9769,6816,180,50069
pocketbase/pocketbase,2022-07-05T06:06:21Z,2025-08-16T18:30:51Z,220,Go,53,1818,18,49944
chinese-poetry/chinese-poetry,2016-09-02T03:32:25Z,2025-04-02T09:42:19Z,1,JavaScript,137,92,119,49931
jgthms/bulma,2016-01-23T23:48:34Z,2025-06-27T16:28:35Z,22,CSS,642,2395,328,49895
vsouza/awesome-ios,2014-07-10T16:03:45Z,2025-02-04T14:00:13Z,0,Swift,2233,486,2,49654
ethereum/go-ethereum,2013-12-26T13:05:46Z,2025-08-18T12:42:22Z,219,Go,8232,8276,204,49554
cline/cline,2024-07-06T07:28:10Z,2025-08-18T07:49:15Z,143,TypeScript,1608,1727,477,49392
poteto/hiring-without-whiteboards,2017-03-15T05:09:01Z,2025-07-31T15:11:49Z,0,JavaScript,1300,0,0,49134
FoundationAgents/OpenManus,2025-03-06T14:08:14Z,2025-08-18T13:56:34Z,3,Python,106,312,393,49046
mendableai/firecrawl,2024-04-15T21:02:29Z,2025-08-18T14:02:08Z,22,TypeScript,805,522,148,48895
mastodon/mastodon,2016-02-22T15:01:25Z,2025-08-18T14:25:23Z,289,Ruby,17676,8221,4023,48881
agalwood/Motrix,2018-12-18T11:45:05Z,2024-07-11T12:09:20Z,21,JavaScript,192,593,746,48881
cypress-io/cypress,2015-03-04T00:46:28Z,2025-08-18T14:13:41Z,372,TypeScript,7329,13769,1288,48824
microsoft/autogen,2023-08-18T11:43:45Z,2025-08-11T16:13:21Z,95,Python,2485,2455,395,48808
NARKOZ/hacker-scripts,2015-11-21T19:05:09Z,2023-10-23T21:01:40Z,0,JavaScript,63,53,35,48643
Asabeneh/30-Days-Of-Python,2019-11-19T17:24:16Z,2025-06-04T21:49:56Z,0,Python,61,79,55,48584
AlistGo/alist,2020-12-23T17:40:29Z,2025-08-18T08:38:32Z,136,Go,858,3792,550,48315
ReactiveX/RxJava,2013-01-08T20:11:48Z,2025-08-13T06:05:49Z,241,Java,3325,3159,12,48245
PowerShell/PowerShell,2016-01-13T23:41:35Z,2025-08-15T20:10:46Z,186,C#,7543,11908,1105,48210
iamkun/dayjs,2018-04-10T09:26:44Z,2025-07-21T08:02:34Z,119,JavaScript,694,849,921,48141
dani-garcia/vaultwarden,2018-02-17T22:40:20Z,2025-08-14T16:05:54Z,73,Rust,992,2350,10,48089
moment/moment,2011-03-01T02:46:06Z,2024-08-14T17:12:19Z,0,JavaScript,714,3911,243,48087
Mintplex-Labs/anything-llm,2023-06-04T02:29:14Z,2025-08-15T21:46:54Z,20,JavaScript,1072,2485,255,48034
charlax/professional-programming,2015-11-07T05:07:52Z,2025-08-10T22:03:37Z,0,Python,39,29,0,47924
algorithm-visualizer/algorithm-visualizer,2016-05-15T00:27:45Z,2024-06-09T06:54:22Z,0,JavaScript,183,76,41,47638
JuliaLang/julia,2011-04-21T07:01:50Z,2025-08-18T13:48:26Z,181,Julia,25795,21368,3978,47506
minimaxir/big-list-of-naughty-strings,2015-08-08T20:57:20Z,2024-04-18T03:26:59Z,0,Python,90,32,69,47383
TapXWorld/ChinaTextbook,2020-01-05T04:11:06Z,2025-05-18T04:38:09Z,0,Roff,1,53,59,47366
huginn/huginn,2013-03-10T06:00:31Z,2025-08-18T10:59:12Z,1,Ruby,1043,1569,601,47075
nlohmann/json,2013-07-04T08:47:49Z,2025-08-13T07:29:31Z,45,C++,894,2297,40,46875
serverless/serverless,2015-04-21T03:48:40Z,2025-08-06T22:29:08Z,453,JavaScript,4717,5382,1133,46824
LadybirdBrowser/ladybird,2024-05-30T09:18:10Z,2025-08-18T11:43:29Z,0,C++,4199,628,496,46785
gogs/gogs,2014-02-12T01:57:08Z,2025-08-04T01:57:30Z,84,Go,1766,4223,934,46780
x64dbg/x64dbg,2015-04-11T20:48:23Z,2025-08-18T14:24:26Z,3,C++,743,2022,604,46703
square/okhttp,2012-07-23T13:42:55Z,2025-08-16T21:01:59Z,0,Kotlin,3760,4132,49,46598
typescript-cheatsheets/react,2018-06-02T04:08:16Z,2025-05-22T10:24:51Z,0,JavaScript,369,219,2,46544
pandas-dev/pandas,2010-08-24T01:37:33Z,2025-08-15T18:59:11Z,111,Python,26906,24073,3584,46327
TanStack/query,2019-09-10T19:23:58Z,2025-08-18T14:13:53Z,1000,TypeScript,2887,2100,64,46304
v2ray/v2ray-core,2015-09-04T11:42:53Z,2025-08-12T11:15:43Z,247,Go,203,2583,7,46289
type-challenges/type-challenges,2020-07-23T14:33:11Z,2025-07-07T12:00:24Z,0,TypeScript,588,3832,32387,46276
hashicorp/terraform,2014-03-13T22:25:48Z,2025-08-18T14:12:49Z,377,Go,12779,19669,1735,46178
lllyasviel/Fooocus,2023-08-09T18:43:40Z,2025-01-24T10:55:35Z,21,Python,447,1399,212,46027
slab/quill,2012-07-30T23:23:18Z,2025-07-25T06:09:23Z,95,TypeScript,381,3267,507,45945
lyswhut/lx-music-desktop,2019-08-14T14:31:08Z,2025-08-10T05:53:17Z,110,TypeScript,86,1236,953,45768
bigskysoftware/htmx,2020-04-13T16:17:51Z,2025-08-02T14:24:24Z,26,JavaScript,956,1005,565,45699
jesseduffield/lazydocker,2019-05-18T08:53:50Z,2024-12-22T10:43:30Z,42,Go,186,190,171,45662
pixijs/pixijs,2013-01-21T22:40:50Z,2025-08-05T09:05:55Z,293,TypeScript,3666,5736,245,45568
android/architecture-samples,2016-02-05T13:42:07Z,2025-08-15T01:39:27Z,0,Kotlin,232,348,138,45240
jakevdp/PythonDataScienceHandbook,2016-08-10T14:24:36Z,2024-06-26T19:17:33Z,0,Jupyter Notebook,28,78,125,45233
skylot/jadx,2013-03-18T17:08:21Z,2025-08-12T08:52:56Z,31,Java,577,1527,388,45130
odoo/odoo,2014-05-13T15:38:58Z,2025-08-18T13:59:38Z,0,Python,6181,15104,3286,45076
jestjs/jest,2013-12-10T00:18:04Z,2025-07-27T02:20:19Z,208,TypeScript,5701,7861,254,44969
Asabeneh/30-Days-Of-JavaScript,2019-12-23T14:07:40Z,2025-02-11T09:46:11Z,0,JavaScript,98,59,115,44951
typst/typst,2019-09-24T21:41:56Z,2025-08-18T07:45:46Z,22,Rust,1816,2566,900,44926
ColorlibHQ/AdminLTE,2013-12-25T02:52:40Z,2025-08-16T06:49:20Z,77,CSS,1545,2746,141,44922
dbeaver/dbeaver,2015-10-21T08:26:28Z,2025-08-18T14:22:19Z,230,Java,6077,16304,3031,44860
discourse/discourse,2013-01-12T00:25:55Z,2025-08-18T14:14:01Z,0,Ruby,29979,0,0,44830
oobabooga/text-generation-webui,2022-12-21T04:17:37Z,2025-08-18T13:00:02Z,79,Python,1182,1427,2572,44727
meteor/meteor,2012-01-19T01:58:17Z,2025-08-18T14:22:04Z,0,JavaScript,2531,8946,258,44680
Homebrew/brew,2016-03-06T05:08:38Z,2025-08-18T14:25:08Z,441,Ruby,12961,4766,23,44556
ultralytics/ultralytics,2022-09-11T16:39:45Z,2025-08-18T14:21:41Z,254,Python,3492,11388,250,44508
google/zx,2021-05-05T05:50:01Z,2025-08-18T11:32:40Z,95,JavaScript,545,476,13,44473
coollabsio/coolify,2021-01-25T20:54:01Z,2025-08-18T12:54:13Z,619,PHP,1642,2229,557,44344
unslothai/unsloth,2023-11-29T16:50:09Z,2025-08-18T13:24:33Z,16,Python,477,1724,709,44261
termux/termux-app,2015-10-23T09:42:46Z,2025-08-12T01:49:34Z,95,Java,162,2519,404,44236
vercel/hyper,2016-07-01T06:01:21Z,2024-08-14T03:32:57Z,88,TypeScript,3291,2872,942,44181
isocpp/CppCoreGuidelines,2015-08-19T20:22:52Z,2025-07-27T13:54:28Z,4,CSS,812,964,247,44077
2dust/v2rayNG,2019-05-15T02:15:31Z,2025-08-17T03:16:11Z,256,Kotlin,498,3405,9,43950
parcel-bundler/parcel,2017-08-07T16:36:47Z,2025-08-08T02:48:38Z,48,JavaScript,2591,5009,477,43927
astaxie/build-web-application-with-golang,2012-08-02T11:49:35Z,2024-05-12T00:47:46Z,0,Go,757,183,121,43755
run-llama/llama_index,2022-11-02T04:24:54Z,2025-08-18T13:57:04Z,404,Python,6999,6377,227,43755
acmesh-official/acme.sh,2015-12-26T12:56:33Z,2025-08-15T16:18:04Z,44,Shell,1421,2238,1076,43701
babel/babel,2014-09-28T13:38:23Z,2025-08-15T21:11:04Z,442,TypeScript,6282,8401,596,43692
aymericdamien/TensorFlow-Examples,2015-11-11T14:21:19Z,2024-07-26T19:46:13Z,0,Jupyter Notebook,88,70,167,43688
usememos/memos,2021-12-08T15:30:18Z,2025-08-18T14:13:58Z,80,Go,1795,2434,24,43687
karpathy/nanoGPT,2022-12-28T00:51:12Z,2024-12-09T23:53:04Z,0,Python,45,109,227,43686
square/retrofit,2010-09-06T21:39:43Z,2025-08-16T13:30:43Z,4,HTML,1182,2621,127,43675
react-hook-form/react-hook-form,2019-03-05T23:47:10Z,2025-08-08T23:56:05Z,585,TypeScript,2070,4761,72,43668
jeecgboot/JeecgBoot,2018-11-26T10:40:00Z,2025-08-18T08:23:25Z,61,Java,122,7536,19,43641
microsoft/monaco-editor,2016-06-07T16:56:31Z,2025-08-15T22:22:30Z,91,JavaScript,467,3153,679,43638
FuelLabs/fuels-rs,2021-10-31T22:33:54Z,2025-08-18T11:37:22Z,117,Rust,897,609,49,43637
FuelLabs/fuels-ts,2021-09-03T18:11:03Z,2025-08-17T19:28:01Z,154,TypeScript,1969,1398,58,43624
prisma/prisma,2019-06-20T13:33:47Z,2025-08-18T13:59:09Z,223,TypeScript,6330,9043,2304,43527
grpc/grpc,2014-12-08T18:58:53Z,2025-08-18T14:22:05Z,355,C++,19994,11117,675,43517
LeCoupa/awesome-cheatsheets,2017-11-09T02:47:15Z,2024-08-24T21:07:02Z,0,JavaScript,169,59,37,43458
yangshun/front-end-interview-handbook,2018-01-13T19:40:08Z,2025-07-21T11:09:55Z,0,MDX,345,91,10,43435
streamich/react-use,2018-10-27T10:16:05Z,2025-08-13T03:16:10Z,256,TypeScript,1532,244,353,43425
Leaflet/Leaflet,2010-09-22T16:57:44Z,2025-08-17T18:17:57Z,33,JavaScript,3115,4883,394,43421
metabase/metabase,2015-02-02T19:25:47Z,2025-08-18T14:26:46Z,676,Clojure,33881,19422,3602,43299
RocketChat/Rocket.Chat,2015-05-19T07:36:09Z,2025-08-18T14:26:10Z,1000,TypeScript,14440,13773,2579,43222
pyenv/pyenv,2012-08-31T06:57:52Z,2025-08-16T17:17:53Z,132,Roff,974,1805,53,42920
GitSquared/edex-ui,2017-01-28T09:35:02Z,2021-10-19T22:38:47Z,29,JavaScript,399,553,6,42909
sudheerj/reactjs-interview-questions,2018-05-31T17:17:01Z,2025-07-31T09:44:57Z,0,JavaScript,162,107,3,42786
FlowiseAI/Flowise,2023-03-31T12:23:09Z,2025-08-18T14:09:39Z,73,TypeScript,1328,1629,604,42755
jellyfin/jellyfin,2018-12-09T06:36:45Z,2025-08-16T00:52:43Z,91,C#,4815,6877,387,42729
expo/expo,2016-08-15T17:14:25Z,2025-08-18T13:56:17Z,0,TypeScript,17848,16514,429,42479
Unitech/pm2,2013-05-21T03:25:25Z,2025-06-05T09:16:23Z,128,JavaScript,551,4078,1001,42469
coreybutler/nvm-windows,2014-09-20T16:37:28Z,2025-03-31T10:37:07Z,23,Go,107,847,79,42440
ggml-org/whisper.cpp,2022-09-25T18:26:37Z,2025-08-15T12:54:23Z,27,C++,862,830,915,42432
ClickHouse/ClickHouse,2016-06-02T08:28:18Z,2025-08-18T14:28:40Z,672,C++,50278,20512,4428,42405
coqui-ai/TTS,2020-05-20T15:45:28Z,2024-08-16T12:07:14Z,98,Python,465,1185,4,42107
opendatalab/MinerU,2024-02-29T08:52:34Z,2025-08-18T11:30:13Z,121,Python,1024,1540,131,42100
Alamofire/Alamofire,2014-07-31T05:56:19Z,2025-05-14T03:37:18Z,102,Swift,650,2757,42,42056
GokuMohandas/Made-With-ML,2018-11-05T03:44:27Z,2024-08-18T04:34:15Z,0,Jupyter Notebook,147,58,16,42031
faif/python-patterns,2012-06-06T21:02:35Z,2025-07-19T00:16:40Z,0,Python,273,83,10,41954
Light-City/CPlusPlusThings,2019-07-14T08:45:45Z,2024-06-14T01:58:36Z,0,C++,72,218,10,41830
getsentry/sentry,2010-08-30T22:06:41Z,2025-08-18T13:07:48Z,154,Python,72685,13582,2137,41753
astral-sh/ruff,2022-08-09T17:17:44Z,2025-08-18T13:49:32Z,375,Rust,11132,5614,1498,41720
apache/spark,2014-02-25T08:00:08Z,2025-08-18T13:22:57Z,0,Scala,8,0,0,41678
apache/airflow,2015-04-13T18:04:58Z,2025-08-18T14:20:22Z,102,Python,29204,11116,1285,41613
iina/iina,2016-12-19T07:18:45Z,2025-08-16T21:50:55Z,45,Swift,851,2427,1757,41584
Stability-AI/stablediffusion,2022-11-23T23:59:50Z,2025-06-25T14:18:37Z,0,Python,17,76,248,41573
Kong/kong,2014-11-17T23:56:08Z,2025-08-18T10:47:38Z,145,Lua,6478,4485,72,41557
yarnpkg/yarn,2016-01-19T17:39:16Z,2025-08-17T18:09:24Z,152,JavaScript,1654,4731,1875,41551
NaiboWang/EasySpider,2020-07-18T02:41:27Z,2025-07-31T07:56:57Z,10,JavaScript,40,485,224,41519
spf13/cobra,2013-09-03T20:40:26Z,2025-08-11T13:58:23Z,24,Go,614,986,225,41468
freqtrade/freqtrade,2017-05-17T23:48:53Z,2025-08-18T07:02:06Z,100,Python,5892,5301,27,41459
mingrammer/diagrams,2020-02-02T15:23:24Z,2025-08-16T08:26:51Z,44,Python,327,222,310,41335
tldraw/tldraw,2021-05-09T11:48:37Z,2025-08-18T14:14:51Z,79,TypeScript,3544,1514,221,41331
nolimits4web/swiper,2012-03-14T19:11:45Z,2025-08-13T22:34:49Z,87,JavaScript,604,5537,214,41320
apachecn/ailearning,2017-02-25T08:53:02Z,2024-11-12T16:21:55Z,2,Python,478,112,3,41271
apache/dubbo,2012-06-19T07:56:02Z,2025-08-18T10:47:39Z,111,Java,5785,6472,801,41229
bailicangdu/vue2-elm,2016-12-23T01:49:20Z,2025-04-11T12:52:02Z,0,Vue,21,512,118,41148
zai-org/ChatGLM-6B,2023-03-13T12:00:18Z,2024-06-27T04:05:25Z,0,Python,48,751,557,41111
hpcaitech/ColossalAI,2021-10-28T16:19:44Z,2025-08-18T09:10:00Z,50,Python,3699,1298,427,41091
bevyengine/bevy,2020-01-18T21:13:55Z,2025-08-18T09:28:03Z,43,Rust,6166,4812,2377,41091
tw93/Pake,2022-10-14T09:32:57Z,2025-08-16T16:16:42Z,31,Rust,100,352,47,41079
dcloudio/uni-app,2018-07-12T08:52:39Z,2025-08-18T11:48:07Z,0,JavaScript,457,4229,688,41044
nwjs/nw.js,2012-01-04T06:21:10Z,2025-08-17T15:08:12Z,0,JavaScript,575,6476,920,41018
KRTirtho/spotube,2021-02-14T03:17:58Z,2025-08-18T14:13:57Z,40,Dart,246,1082,781,41004
AykutSarac/jsoncrack.com,2022-01-30T15:25:18Z,2025-07-31T15:36:30Z,22,TypeScript,85,234,32,40975
streamlit/streamlit,2019-08-24T00:14:52Z,2025-08-18T13:34:00Z,105,Python,5641,4269,1114,40965
styled-components/styled-components,2016-08-16T06:41:32Z,2025-06-18T19:28:46Z,176,TypeScript,966,2651,302,40875
docker/awesome-compose,2020-02-13T08:51:42Z,2025-07-22T05:26:19Z,0,HTML,149,40,87,40847
psf/black,2018-03-14T19:54:45Z,2025-08-18T13:52:49Z,46,Python,1584,2392,330,40811
vuetifyjs/vuetify,2016-09-12T00:39:35Z,2025-08-18T08:47:37Z,605,TypeScript,4387,14392,501,40672
hexojs/hexo,2012-09-23T15:17:08Z,2025-08-16T00:51:53Z,114,TypeScript,945,3912,73,40659
ziglang/zig,2015-08-06T00:51:28Z,2025-08-18T02:17:02Z,20,Zig,9160,9684,3386,40561
zhongyang219/TrafficMonitor,2017-07-30T02:51:17Z,2025-07-31T09:36:00Z,26,C++,63,712,1171,40522
fastlane/fastlane,2014-12-02T17:00:38Z,2025-08-07T21:19:55Z,552,Ruby,6234,12500,683,40412
cli/cli,2019-10-03T15:24:53Z,2025-08-15T20:58:21Z,173,Go,2599,4292,835,40303
bannedbook/fanqiang,2015-01-14T00:34:25Z,2025-07-31T11:59:11Z,3,Kotlin,3,466,328,40279
mitmproxy/mitmproxy,2010-02-16T04:10:13Z,2025-08-08T06:08:30Z,76,Python,2628,3226,333,40185
dylanaraps/pure-bash-bible,2018-06-13T01:39:33Z,2023-11-28T03:26:23Z,0,Shell,28,33,44,39965
tabler/tabler,2018-02-01T09:08:59Z,2025-07-30T19:48:00Z,51,HTML,722,1004,85,39951
chubin/cheat.sh,2017-05-07T21:40:56Z,2025-08-08T05:15:06Z,0,Python,129,133,124,39911
deepspeedai/DeepSpeed,2020-01-23T18:35:18Z,2025-08-16T18:22:19Z,97,Python,2741,2081,1091,39777
microsoft/AI-For-Beginners,2021-03-03T16:27:36Z,2025-08-07T11:59:26Z,0,Jupyter Notebook,168,106,28,39660
penpot/penpot,2015-12-29T22:09:07Z,2025-08-18T14:29:21Z,59,Clojure,4494,1428,488,39633
colinhacks/zod,2020-03-07T20:59:08Z,2025-08-13T05:11:56Z,179,TypeScript,833,2496,198,39562
bradtraversy/50projects50days,2020-11-16T14:39:01Z,2025-02-26T13:49:39Z,0,CSS,44,0,0,39555
chakra-ui/chakra-ui,2019-08-17T14:27:54Z,2025-08-18T09:24:32Z,1000,TypeScript,2807,4145,1,39548
gradio-app/gradio,2018-12-19T08:24:04Z,2025-08-18T14:30:28Z,1000,Python,4731,5487,434,39506
helix-editor/helix,2020-06-01T04:26:56Z,2025-08-18T13:29:06Z,30,Rust,4244,4536,839,39450
google-research/bert,2018-10-25T22:57:34Z,2024-07-23T23:39:41Z,0,Python,32,355,790,39429
slidevjs/slidev,2021-04-24T01:25:23Z,2025-08-18T05:48:23Z,394,TypeScript,710,1072,140,39421
wg/wrk,2012-03-20T11:12:28Z,2023-12-30T10:33:51Z,0,C,0,262,144,39384
virattt/ai-hedge-fund,2024-11-29T16:30:01Z,2025-08-11T21:47:04Z,0,Python,33,198,19,39373
php/php-src,2011-06-16T01:52:25Z,2025-08-18T11:13:19Z,23,C,4250,3489,824,39370
QSCTech/zju-icicles,2016-06-28T16:17:32Z,2025-06-23T16:45:51Z,0,HTML,224,69,9,39353
harry0703/MoneyPrinterTurbo,2024-03-11T02:57:34Z,2025-06-11T06:34:54Z,9,Python,136,392,180,39249
evanw/esbuild,2016-06-14T16:08:50Z,2025-08-13T02:31:20Z,301,Go,246,3245,511,39234
floodsung/Deep-Learning-Papers-Reading-Roadmap,2016-10-14T11:49:48Z,2022-11-27T13:18:32Z,0,Python,28,5,52,39218
gedoor/legado,2019-05-22T04:18:58Z,2025-08-18T06:51:31Z,115,Kotlin,1134,2922,41,39152
sharkdp/fd,2017-05-09T21:27:10Z,2025-08-12T12:43:40Z,40,Rust,650,786,129,39136
byoungd/English-level-up-tips,2017-05-30T07:18:52Z,2024-07-13T17:58:27Z,0,HTML,26,72,29,39125
upscayl/upscayl,2022-07-30T17:19:20Z,2025-08-01T14:28:41Z,29,TypeScript,100,890,58,39103
videojs/video.js,2010-05-14T18:45:10Z,2025-08-01T12:24:02Z,332,JavaScript,1801,4807,577,39048
lm-sys/FastChat,2023-03-19T00:18:02Z,2025-06-02T15:22:03Z,14,Python,849,1066,833,38997
ChrisTitusTech/winutil,2022-04-28T02:25:19Z,2025-08-09T15:33:50Z,22,PowerShell,846,1706,192,38974
Dogfalo/materialize,2014-09-12T19:35:38Z,2025-08-10T02:17:57Z,41,JavaScript,449,4599,623,38955
pingcap/tidb,2015-09-06T04:01:52Z,2025-08-18T13:38:47Z,210,Go,33057,17228,4039,38887
jgm/pandoc,2010-03-20T20:34:23Z,2025-08-18T12:05:01Z,147,Haskell,1684,7010,970,38822
vim/vim,2015-08-18T21:03:56Z,2025-08-18T03:28:26Z,0,Vim Script,440,7392,1524,38789
go-gorm/gorm,2013-10-25T08:31:38Z,2025-08-18T11:45:11Z,5,Go,753,5549,450,38706
curl/curl,2010-03-18T22:32:22Z,2025-08-18T14:09:16Z,91,C,198,5135,13,38577
tmux/tmux,2015-06-03T23:32:55Z,2025-08-04T15:01:24Z,37,C,1,3657,54,38568
zhayujie/chatgpt-on-wechat,2022-08-07T08:33:41Z,2025-08-08T02:47:49Z,63,Python,261,1699,300,38545
remoteintech/remote-jobs,2015-10-13T03:49:25Z,2025-07-23T00:32:09Z,0,JavaScript,1283,168,22,38518
ray-project/ray,2016-10-25T19:38:30Z,2025-08-18T14:21:29Z,108,Python,27077,18205,2691,38517
aria2/aria2,2010-11-27T09:41:48Z,2025-08-18T08:51:00Z,24,C++,253,824,1066,38480
google/styleguide,2015-05-20T19:18:59Z,2025-07-31T22:16:21Z,0,HTML,194,239,115,38422
mem0ai/mem0,2023-06-20T08:58:36Z,2025-08-18T14:25:43Z,265,Python,1656,720,367,38385
suno-ai/bark,2023-04-07T19:34:48Z,2024-08-19T07:45:36Z,0,Jupyter Notebook,19,239,229,38382
DIYgod/RSSHub,2018-04-02T14:43:21Z,2025-08-18T13:06:19Z,0,TypeScript,11041,5737,351,38344
saadeghi/daisyui,2020-11-28T22:57:27Z,2025-08-18T00:45:02Z,100,Svelte,426,1926,46,38319
QuivrHQ/quivr,2023-05-12T23:53:30Z,2025-07-09T12:55:23Z,354,Python,1819,1533,2,38300
phaserjs/phaser,2013-04-12T12:27:51Z,2025-08-18T09:01:56Z,171,JavaScript,1729,4472,80,38282
trpc/trpc,2020-07-18T01:17:11Z,2025-08-06T21:42:34Z,217,TypeScript,3701,1138,144,38243
files-community/Files,2019-01-04T18:19:14Z,2025-08-18T04:42:04Z,123,C#,5331,10097,495,38198
photoprism/photoprism,2018-01-27T12:00:15Z,2025-08-18T06:46:27Z,78,Go,811,1956,422,38140
makeplane/plane,2022-11-19T12:55:01Z,2025-08-18T14:17:25Z,48,TypeScript,5572,867,444,38103
PhilJay/MPAndroidChart,2014-04-25T14:29:47Z,2025-06-05T07:06:39Z,44,Java,191,2899,2064,38080
impress/impress.js,2011-12-28T22:23:19Z,2025-08-06T20:46:54Z,15,JavaScript,120,431,52,38032
logseq/logseq,2020-05-23T00:06:06Z,2025-08-18T13:10:20Z,150,Clojure,3064,6687,1229,38017
google/leveldb,2014-08-27T21:17:52Z,2025-01-30T17:33:01Z,21,C++,64,537,239,38011
koalaman/shellcheck,2012-11-17T03:15:11Z,2025-08-12T17:10:23Z,30,Haskell,306,1718,1128,37940
preactjs/preact,2015-09-11T02:40:18Z,2025-08-18T04:39:51Z,229,JavaScript,1916,1838,55,37875
appsmithorg/appsmith,2020-06-30T04:07:36Z,2025-08-18T14:17:01Z,290,TypeScript,13945,19224,4343,37724
ccxt/ccxt,2017-05-14T15:41:56Z,2025-08-18T12:33:45Z,172,Python,13351,10088,819,37674
novuhq/novu,2021-08-26T15:22:44Z,2025-08-18T14:32:13Z,50,TypeScript,6002,1397,221,37610
calcom/cal.com,2021-03-22T13:47:42Z,2025-08-18T14:27:26Z,505,TypeScript,10481,6912,1156,37602
goabstract/Awesome-Design-Tools,2019-02-12T13:55:30Z,2024-07-28T19:57:31Z,0,JavaScript,283,25,18,37571
gto76/python-cheatsheet,2018-01-25T04:16:53Z,2025-07-31T18:22:41Z,0,Python,14,60,5,37570
2noise/ChatTTS,2024-05-27T18:26:49Z,2025-07-06T15:11:14Z,6,Python,215,587,69,37552
FreeCodeCampChina/freecodecamp.cn,2016-09-30T03:13:43Z,2023-07-16T16:48:59Z,0,CSS,55,445,141,37457
LAION-AI/Open-Assistant,2022-12-13T05:24:17Z,2024-08-17T01:55:35Z,127,Python,1614,1417,228,37448
ant-design/ant-design-pro,2017-08-25T10:40:44Z,2025-08-15T08:39:00Z,26,TypeScript,1008,9600,153,37415
gofiber/fiber,2020-01-16T03:59:20Z,2025-08-18T03:46:41Z,127,Go,1796,1480,90,37405
eugenp/tutorials,2013-04-29T18:26:36Z,2025-08-18T09:00:58Z,0,Java,13364,772,17,37226
menloresearch/jan,2023-08-17T02:17:10Z,2025-08-18T12:01:03Z,87,TypeScript,2632,2687,151,37180
lapce/lapce,2018-02-06T08:41:06Z,2025-08-18T00:45:55Z,32,Rust,1171,1177,799,37161
istio/istio,2016-11-18T23:57:21Z,2025-08-18T13:47:11Z,393,Go,28394,20669,468,37152
naptha/tesseract.js,2015-06-24T02:49:52Z,2025-08-06T17:11:18Z,56,JavaScript,195,695,31,37038
TencentARC/GFPGAN,2021-03-19T06:18:20Z,2024-07-26T18:44:02Z,8,Python,14,133,364,36989
dotnet/aspnetcore,2014-03-11T06:09:42Z,2025-08-18T09:00:20Z,258,C#,17728,34009,3578,36983
payloadcms/payload,2021-01-05T18:49:45Z,2025-08-18T14:24:50Z,521,TypeScript,5784,3330,398,36980
0voice/interview_internal_reference,2019-06-10T06:54:19Z,2024-05-20T12:04:02Z,0,Python,35,19,30,36977
dockur/windows,2024-01-14T13:09:40Z,2025-08-18T03:43:35Z,104,Shell,411,737,93,36951
Kong/insomnia,2016-04-23T03:54:26Z,2025-08-18T14:30:54Z,523,TypeScript,3333,3194,679,36937
inkonchain/docs,2024-05-07T16:49:36Z,2025-08-18T07:43:19Z,0,MDX,393,13,20,36924
fastapi/full-stack-fastapi-template,2019-02-23T15:08:34Z,2025-08-15T10:15:35Z,10,TypeScript,410,259,169,36907
inkonchain/node,2024-05-13T23:20:40Z,2025-07-23T18:13:58Z,6,Shell,35,13,10,36886
denysdovhan/wtfjs,2017-07-14T15:42:12Z,2025-03-18T13:55:28Z,25,JavaScript,125,95,22,36878
freeCodeCamp/devdocs,2013-10-24T18:16:07Z,2025-08-16T20:10:59Z,0,Ruby,925,1039,191,36851
NervJS/taro,2018-04-08T09:32:26Z,2025-08-18T07:44:22Z,200,TypeScript,3391,11015,1524,36821
inkonchain/ink-kit,2024-11-04T16:32:17Z,2025-07-23T18:10:56Z,0,TypeScript,90,3,1,36794
Aider-AI/aider,2023-05-09T18:57:49Z,2025-08-13T17:30:01Z,93,Python,263,2689,997,36755
exacity/deeplearningbook-chinese,2016-12-07T11:46:51Z,2019-12-03T04:25:44Z,7,TeX,16,139,64,36672
facebookresearch/faiss,2017-02-07T16:07:05Z,2025-08-15T19:09:55Z,20,C++,137,2440,233,36645
vlang/v,2019-02-08T02:57:06Z,2025-08-18T13:38:13Z,273,V,12254,8587,1095,36635
milvus-io/milvus,2019-09-16T06:43:43Z,2025-08-18T12:41:46Z,128,Go,22745,13451,575,36632
siyuan-note/siyuan,2020-08-30T09:21:35Z,2025-08-15T03:28:21Z,812,TypeScript,481,14449,438,36621
alibaba/arthas,2018-08-29T17:15:57Z,2025-07-30T07:50:51Z,59,Java,540,1722,372,36619
DataExpert-io/data-engineer-handbook,2023-11-19T19:47:41Z,2025-08-12T16:56:32Z,0,Jupyter Notebook,171,64,12,36618
huihut/interview,2018-02-09T09:49:48Z,2025-07-27T12:36:29Z,0,C++,35,65,1,36600
google/googletest,2015-07-28T15:07:53Z,2025-08-17T03:08:52Z,11,C++,813,1979,344,36598
halo-dev/halo,2018-03-21T12:56:52Z,2025-08-17T15:43:10Z,225,Java,2609,4009,306,36573
satwikkansal/wtfpython,2017-08-28T20:22:19Z,2025-05-10T11:50:03Z,2,Python,113,157,65,36568
babysor/MockingBird,2021-08-07T03:53:39Z,2024-11-15T05:00:29Z,1,Python,80,412,476,36552
openai/gym,2016-04-27T14:59:16Z,2024-10-11T20:07:05Z,19,Python,998,1726,111,36396
httpie/cli,2012-02-25T12:39:13Z,2024-12-17T17:30:35Z,47,Python,406,722,180,36372
ToolJet/ToolJet,2021-03-30T08:51:34Z,2025-08-18T14:12:43Z,315,JavaScript,6627,4360,627,36338
chatboxai/chatbox,2023-03-06T12:22:15Z,2025-08-13T08:51:57Z,47,TypeScript,70,1450,815,36273
usebruno/bruno,2022-09-27T20:51:45Z,2025-08-17T01:52:41Z,140,JavaScript,1251,1831,1201,36255
docling-project/docling,2024-07-09T07:50:26Z,2025-08-18T14:09:32Z,115,Python,508,615,474,36228
google-research/google-research,2018-10-04T18:42:48Z,2025-08-14T20:04:23Z,0,Jupyter Notebook,29,343,1062,36205
open-guides/og-aws,2016-07-13T17:30:16Z,2024-08-16T02:51:54Z,0,Shell,498,87,140,36194
rapid7/metasploit-framework,2011-08-30T06:13:20Z,2025-08-18T10:53:16Z,0,Ruby,11340,5841,436,36180
hiroi-sora/Umi-OCR,2022-03-28T04:01:46Z,2025-05-31T08:22:02Z,31,Python,56,512,270,36158
nushell/nushell,2019-05-10T16:59:42Z,2025-08-18T12:19:05Z,111,Rust,7873,5143,1484,36115
opentofu/manifesto,2023-08-13T16:17:24Z,2025-03-18T18:26:51Z,0,HTML,765,14,12,36085
date-fns/date-fns,2014-10-06T10:24:22Z,2025-08-14T23:54:15Z,122,TypeScript,1068,1367,630,36041
shadowsocks/shadowsocks-android,2012-12-16T13:40:29Z,2025-07-12T23:41:14Z,185,Kotlin,256,2457,48,36007
lerna/lerna,2015-12-04T09:36:55Z,2025-08-06T17:08:47Z,244,TypeScript,997,2278,396,36000
docker/compose,2013-12-09T11:40:58Z,2025-08-13T07:36:22Z,263,Go,3541,8039,73,35977
XingangPan/DragGAN,2023-05-18T10:08:02Z,2024-05-18T17:51:40Z,0,Python,18,46,145,35914
NanmiCoder/MediaCrawler,2023-06-09T12:14:34Z,2025-08-18T11:15:50Z,0,Python,101,391,100,35915
chatchat-space/Langchain-Chatchat,2023-03-31T12:12:45Z,2025-03-25T15:45:51Z,31,TypeScript,615,4077,107,35897
crewAIInc/crewAI,2023-10-27T03:26:59Z,2025-08-18T14:19:40Z,97,Python,911,1430,52,35837
geekxh/hello-algorithm,2020-05-29T05:47:09Z,2023-06-13T04:13:17Z,0,Java,26,33,11,35755
imputnet/cobalt,2022-07-08T18:12:55Z,2025-08-11T13:05:03Z,0,Svelte,243,774,163,35709
typeorm/typeorm,2016-02-29T07:41:14Z,2025-08-17T15:14:18Z,37,TypeScript,2173,6055,2337,35672
carbon-app/carbon,2017-06-16T02:50:28Z,2025-06-03T06:16:59Z,215,JavaScript,668,627,59,35622
koajs/koa,2013-07-20T18:53:45Z,2025-08-18T08:10:06Z,9,JavaScript,522,909,16,35598
hankcs/HanLP,2014-10-09T06:36:16Z,2025-05-15T02:30:50Z,62,Python,79,1421,8,35514
alvarotrigo/fullPage.js,2013-09-20T11:58:29Z,2025-06-28T00:48:36Z,105,JavaScript,320,3999,132,35461
airbnb/lottie-android,2016-10-06T22:42:42Z,2025-08-08T21:24:48Z,59,Java,713,1744,34,35446
openai/codex,2025-04-13T05:37:54Z,2025-08-18T10:54:55Z,77,Rust,846,634,256,35425
PKUanonym/REKCARC-TSC-UHT,2019-04-05T03:31:23Z,2025-07-10T04:19:42Z,0,HTML,170,30,2,35395
kilimchoi/engineering-blogs,2015-06-13T18:25:17Z,2024-08-21T13:01:11Z,0,Ruby,681,74,23,35356
markedjs/marked,2011-07-24T13:15:51Z,2025-08-18T00:58:03Z,156,TypeScript,1554,1590,13,35353
jondot/awesome-react-native,2015-03-26T19:58:06Z,2024-07-05T13:12:41Z,0,JavaScript,912,35,38,35320
mindsdb/mindsdb,2018-08-02T17:56:45Z,2025-08-18T11:09:00Z,310,Python,5364,4245,51,35309
nativefier/nativefier,2015-07-05T05:56:42Z,2023-09-29T13:45:16Z,99,TypeScript,261,982,255,35268
zen-browser/desktop,2024-03-28T00:05:55Z,2025-08-18T10:32:19Z,115,C++,477,6500,392,35257
spacedriveapp/spacedrive,2021-09-27T05:09:04Z,2025-03-24T14:19:49Z,26,TypeScript,1881,388,118,35249
junegunn/vim-plug,2013-09-10T14:58:51Z,2025-03-29T05:17:01Z,8,Vim Script,177,966,71,35145
sqlmapproject/sqlmap,2012-06-26T09:52:15Z,2025-08-18T10:14:22Z,10,Python,173,5295,48,35055
huggingface/pytorch-image-models,2019-02-02T05:51:12Z,2025-08-08T19:23:26Z,69,Python,479,946,51,35053
sahat/hackathon-starter,2013-11-13T17:24:12Z,2025-07-30T18:07:42Z,17,JavaScript,347,670,10,35051
unknwon/the-way-to-go_ZH_CN,2013-03-24T17:18:38Z,2024-08-14T07:04:25Z,0,Go,592,0,0,35010
twentyhq/twenty,2022-12-01T13:04:40Z,2025-08-18T14:33:53Z,45,TypeScript,7142,4992,198,34993
bumptech/glide,2013-07-08T22:52:33Z,2025-08-13T21:23:33Z,47,Java,569,3920,562,34935
pola-rs/polars,2020-05-13T19:45:33Z,2025-08-18T12:03:10Z,226,Rust,11461,8703,2559,34934
HeyPuter/puter,2024-03-03T01:44:32Z,2025-08-18T07:36:01Z,8,JavaScript,585,513,178,34918
TeamNewPipe/NewPipe,2015-09-03T23:39:26Z,2025-08-17T22:14:33Z,137,Java,1661,8400,1221,34783
fengdu78/Coursera-ML-AndrewNg-Notes,2017-11-04T10:04:08Z,2024-06-10T00:47:49Z,0,HTML,13,15,53,34778
doocs/leetcode,2018-09-16T14:03:03Z,2025-08-18T00:30:29Z,21,Java,4090,56,0,34765
reworkd/AgentGPT,2023-04-07T02:29:19Z,2025-04-29T01:19:32Z,12,TypeScript,539,337,130,34764
mudler/LocalAI,2023-03-18T22:58:02Z,2025-08-18T08:26:58Z,83,Go,3896,692,387,34703
outline/outline,2016-05-22T21:31:47Z,2025-08-18T13:32:51Z,147,TypeScript,3329,3395,92,34571
yeongpin/cursor-free-vip,2025-01-11T08:14:22Z,2025-06-18T02:18:31Z,69,Python,74,473,544,34530
microsoft/ai-agents-for-beginners,2024-11-28T10:42:52Z,2025-07-24T10:58:47Z,0,Jupyter Notebook,145,56,11,34489
BVLC/caffe,2013-09-12T18:39:48Z,2024-07-31T23:10:28Z,14,C++,1087,3902,899,34488
charmbracelet/bubbletea,2020-01-10T21:04:03Z,2025-08-18T13:08:09Z,62,Go,628,294,73,34430
chenfei-wu/TaskMatrix,2023-03-02T09:04:28Z,2024-01-06T02:41:20Z,0,Python,21,136,221,34410
fastify/fastify,2016-09-28T19:10:14Z,2025-08-15T22:01:29Z,298,JavaScript,3135,2013,77,34372
netty/netty,2010-11-09T09:22:21Z,2025-08-18T12:52:39Z,0,Java,4419,6097,613,34340
fxsjy/jieba,2012-09-29T07:52:01Z,2024-08-21T09:23:45Z,9,Python,96,228,638,34331
ghostty-org/ghostty,2022-03-29T17:38:26Z,2025-08-18T03:22:06Z,1,Zig,2572,1628,143,34300
jaredpalmer/formik,2017-06-14T19:50:59Z,2024-10-18T03:18:36Z,196,TypeScript,829,1558,701,34282
huiyadanli/RevokeMsgPatcher,2019-07-21T15:12:52Z,2025-08-15T14:56:42Z,21,C#,11,830,45,34167
zenorocha/clipboard.js,2015-09-18T23:04:55Z,2025-08-06T18:47:39Z,42,JavaScript,117,618,11,34156
ManimCommunity/manim,2020-05-19T02:37:13Z,2025-08-17T13:40:39Z,29,Python,1923,1295,385,34097
solidjs/solid,2018-04-24T16:36:27Z,2025-08-13T17:14:50Z,35,TypeScript,385,996,99,34071
testerSunshine/12306,2017-05-17T12:23:40Z,2023-04-02T03:19:43Z,1,Python,31,466,225,34050
myshell-ai/OpenVoice,2023-11-29T12:17:01Z,2025-04-19T16:00:00Z,0,Python,17,67,249,34041
portainer/portainer,2016-05-19T20:15:28Z,2025-08-18T13:17:23Z,160,TypeScript,4777,5277,614,34033
atlassian/react-beautiful-dnd,2017-08-09T03:37:15Z,2025-08-18T04:35:31Z,68,JavaScript,530,1045,572,34028
jaywcjlove/linux-command,2016-11-12T15:44:26Z,2025-08-14T16:48:01Z,31,Markdown,353,133,74,34014
llvm/llvm-project,2016-12-07T09:39:33Z,2025-08-18T14:32:51Z,136,LLVM,55127,60095,26263,34010
typicode/husky,2014-06-23T12:14:21Z,2024-11-26T00:20:16Z,80,JavaScript,262,1016,72,33991
roboflow/supervision,2022-11-28T14:08:44Z,2025-08-18T00:29:22Z,33,Python,967,415,72,33981
laravel/framework,2013-01-10T21:27:28Z,2025-08-17T19:50:57Z,854,PHP,16622,18825,41,33968
python-poetry/poetry,2018-02-28T15:23:47Z,2025-08-17T12:20:11Z,142,Python,2328,5712,520,33851
xkcoding/spring-boot-demo,2017-11-10T06:27:29Z,2024-07-24T02:02:52Z,0,Java,15,73,100,33844
geekcomputers/Python,2011-11-30T09:04:08Z,2025-08-17T16:28:16Z,0,Python,1846,149,337,33757
anoma/anoma,2021-02-02T10:00:16Z,2025-08-14T14:27:56Z,10,Elixir,856,578,121,33673
shadowsocks/shadowsocks,2012-04-20T13:10:49Z,2024-04-01T09:07:32Z,2,Python,70,0,0,33645
halfrost/LeetCode-Go,2017-07-18T00:06:14Z,2024-12-11T05:55:51Z,4,Go,178,64,16,33633
zsh-users/zsh-autosuggestions,2013-10-26T16:09:37Z,2025-06-24T16:15:03Z,0,Shell,116,458,153,33626
Blankj/AndroidUtilCode,2016-07-30T18:18:32Z,2024-08-15T10:38:10Z,117,Java,88,1280,309,33616
alibaba/easyexcel,2018-02-06T03:14:08Z,2024-10-29T06:07:07Z,14,Java,190,3130,487,33581
AFNetworking/AFNetworking,2011-05-31T21:28:44Z,2023-01-17T19:30:05Z,40,Objective-C,710,0,0,33528
zxing/zxing,2011-10-12T14:07:27Z,2025-08-18T08:46:16Z,31,Java,318,1314,10,33522
TheAlgorithms/JavaScript,2017-07-13T06:12:33Z,2025-01-22T07:00:31Z,0,JavaScript,795,200,9,33521
mattermost/mattermost,2015-06-15T06:50:02Z,2025-08-18T13:38:59Z,839,TypeScript,19229,8377,664,33403
aseprite/aseprite,2014-08-19T23:44:50Z,2025-08-17T17:58:26Z,117,C++,406,2495,1784,33372
ShareX/ShareX,2013-10-08T23:32:10Z,2025-08-17T15:11:29Z,82,C#,748,6347,506,33363
XX-net/XX-Net,2015-01-15T09:35:51Z,2025-04-08T22:17:05Z,388,Python,363,5418,7915,33304
Pythagora-io/gpt-pilot,2023-08-16T11:56:07Z,2025-03-04T06:26:32Z,0,Python,393,314,236,33299
ryanhanwu/How-To-Ask-Questions-The-Smart-Way,2015-03-28T16:52:40Z,2025-01-01T19:14:38Z,0,JavaScript,98,20,9,33290
ehang-io/nps,2018-11-04T13:22:51Z,2024-05-30T03:51:08Z,59,Go,74,697,502,33290
exelban/stats,2019-05-29T19:24:56Z,2025-08-15T14:42:15Z,301,Swift,409,2149,28,33187
jax-ml/jax,2018-10-25T21:25:02Z,2025-08-18T14:36:59Z,125,Python,14994,4874,1585,33183
adobe/brackets,2011-12-07T21:14:40Z,2022-06-12T08:19:24Z,69,JavaScript,4332,7063,2617,33158
carbon-language/carbon-lang,2020-04-27T21:45:16Z,2025-08-18T02:50:12Z,407,C++,4347,561,151,33156
harness/harness,2014-02-07T07:54:44Z,2025-08-18T12:25:32Z,52,Go,1047,1933,73,33096
danielmiessler/Fabric,2024-01-03T23:18:31Z,2025-08-17T23:52:26Z,244,JavaScript,431,612,126,33086
gulpjs/gulp,2013-07-04T05:26:06Z,2025-06-01T21:52:54Z,24,JavaScript,411,1908,29,33061
immutable-js/immutable-js,2014-07-02T06:02:29Z,2025-08-04T13:58:40Z,89,TypeScript,597,1169,93,33054
bilibili/ijkplayer,2013-06-03T04:12:04Z,2024-08-13T00:53:33Z,0,C,35,2548,2827,32992
SeleniumHQ/selenium,2013-01-14T21:40:56Z,2025-08-18T12:35:43Z,108,Java,3001,10780,148,32974
qishibo/AnotherRedisDesktopManager,2019-01-08T06:01:56Z,2025-06-18T14:50:05Z,53,JavaScript,152,927,139,32951
hashicorp/vault,2015-02-25T00:15:59Z,2025-08-18T14:21:33Z,168,Go,21301,5242,1142,32948
mifi/lossless-cut,2016-10-30T10:49:56Z,2025-08-18T10:11:47Z,100,TypeScript,201,1423,209,32921
CMU-Perceptual-Computing-Lab/openpose,2017-04-24T14:06:31Z,2024-08-03T01:59:11Z,15,C++,174,1667,337,32919
lllyasviel/ControlNet,2023-02-01T02:43:30Z,2024-02-25T09:49:39Z,0,Python,4,138,431,32900
YunaiV/ruoyi-vue-pro,2021-01-24T03:18:25Z,2025-08-17T07:06:08Z,44,Java,62,640,4,32831
shadowsocks/ShadowsocksX-NG,2016-06-10T11:49:00Z,2024-10-29T12:19:30Z,30,Swift,64,1050,308,32819
bayandin/awesome-awesomeness,2014-07-08T05:44:19Z,2024-06-02T22:46:41Z,0,Ruby,197,52,16,32788
lib-pku/libpku,2018-11-22T13:33:06Z,2022-01-05T04:09:27Z,0,TeX,22,32,11,32688
PatrickJS/awesome-cursorrules,2024-09-16T15:38:38Z,2025-08-17T18:54:26Z,0,MDX,64,8,32,32643
TheAlgorithms/C-Plus-Plus,2016-07-16T10:19:45Z,2025-08-17T21:49:34Z,0,C++,683,311,10,32626
AmruthPillai/Reactive-Resume,2020-03-25T14:08:22Z,2025-08-18T00:12:40Z,95,TypeScript,633,1247,318,32604
swc-project/swc,2017-12-22T11:40:14Z,2025-08-14T10:18:53Z,712,Rust,5587,3563,405,32598
facebookresearch/detectron2,2019-09-05T21:30:20Z,2025-08-13T17:43:25Z,10,Python,0,3091,465,32592
qbittorrent/qBittorrent,2012-02-04T09:37:46Z,2025-08-17T19:05:25Z,0,C++,3928,14543,2296,32568
alan2207/bulletproof-react,2021-05-30T14:47:16Z,2025-04-16T06:04:21Z,0,TypeScript,70,77,38,32464
jqlang/jq,2012-07-18T19:57:25Z,2025-08-18T09:06:57Z,15,C,640,1919,362,32405
certbot/certbot,2014-11-12T02:52:20Z,2025-08-15T21:13:55Z,62,Python,3996,5334,125,32399
DataTalksClub/data-engineering-zoomcamp,2021-10-21T09:32:50Z,2025-07-17T09:55:25Z,0,Jupyter Notebook,395,134,2,32388
pnpm/pnpm,2016-01-28T07:40:43Z,2025-08-18T13:26:58Z,1000,TypeScript,2670,3013,1869,32388
pbatard/rufus,2011-11-19T19:12:05Z,2025-07-29T17:00:05Z,84,C,1,2503,8,32322
drawdb-io/drawdb,2023-07-16T17:09:20Z,2025-08-17T18:07:49Z,0,JavaScript,231,157,83,32280
google/material-design-lite,2015-01-14T22:01:33Z,2025-03-11T00:13:36Z,14,HTML,655,1813,382,32266
pcottle/learnGitBranching,2012-08-13T22:36:09Z,2025-08-15T03:59:45Z,0,JavaScript,604,467,49,32252
refinedev/refine,2021-01-20T12:01:32Z,2025-08-18T14:29:34Z,1000,TypeScript,4422,1622,30,32227
beego/beego,2012-02-29T02:32:08Z,2025-08-12T17:03:46Z,42,Go,1325,3366,8,32208
gchq/CyberChef,2016-11-28T10:34:07Z,2025-08-06T08:54:32Z,447,JavaScript,510,626,430,32207
SerenityOS/serenity,2018-12-02T19:28:41Z,2025-08-18T02:32:00Z,0,C++,19523,3522,726,32197
explosion/spaCy,2014-07-03T15:15:40Z,2025-05-28T15:28:05Z,129,Python,3590,5550,166,32191
xinntao/Real-ESRGAN,2021-07-19T03:23:30Z,2024-08-06T13:15:18Z,10,Python,21,171,554,32168
lizongying/my-tv,2023-12-04T12:18:39Z,2024-06-20T06:21:11Z,72,C,11,774,145,32148
CorentinTh/it-tools,2020-04-05T11:50:24Z,2025-08-14T22:30:11Z,10,Vue,491,199,418,32127
mckaywrigley/chatbot-ui,2023-03-11T14:53:14Z,2024-08-03T00:38:07Z,0,TypeScript,280,817,176,32089
directus/directus,2012-12-12T01:35:36Z,2025-08-18T13:36:22Z,342,TypeScript,8076,9044,302,32069
ueberdosis/tiptap,2018-08-20T19:58:58Z,2025-08-17T03:01:08Z,896,TypeScript,1247,2533,692,32046
duckdb/duckdb,2018-06-26T15:04:45Z,2025-08-18T13:24:28Z,51,C++,8174,5655,454,32024
TabbyML/tabby,2023-03-16T09:18:01Z,2025-08-18T06:48:30Z,239,Rust,2967,733,203,31973
Chanzhaoyu/chatgpt-web,2023-02-09T03:21:37Z,2024-08-16T15:26:57Z,43,Vue,159,1747,0,31939
alibaba/nacos,2018-06-15T06:49:27Z,2025-08-14T06:44:56Z,83,Java,3148,8888,263,31934
balena-io/etcher,2015-10-27T16:53:23Z,2025-07-29T12:17:38Z,289,TypeScript,1731,1822,557,31929
agno-agi/agno,2022-05-04T15:23:02Z,2025-08-18T13:59:55Z,85,Python,1716,1126,129,31896
yewstack/yew,2017-12-16T14:19:02Z,2025-08-16T07:12:48Z,35,Rust,1797,1143,112,31870
vercel/swr,2019-10-28T18:16:01Z,2025-08-11T15:20:44Z,123,TypeScript,795,817,140,31822
pathwaycom/pathway,2022-11-27T13:01:14Z,2025-08-18T03:42:35Z,75,Python,5,53,44,31820
shardeum/shardeum,2024-04-16T22:37:25Z,2025-08-18T01:52:10Z,0,TypeScript,325,33,5,31767
v2fly/v2ray-core,2019-04-15T10:05:54Z,2025-08-12T06:52:46Z,111,Go,909,1000,40,31761
binarywang/WxJava,2016-01-06T08:24:05Z,2025-08-08T10:25:32Z,30,Java,1053,2307,63,31760
chatanywhere/GPT_API_free,2023-04-23T12:42:08Z,2025-08-08T11:10:19Z,0,Python,1,353,24,31742
facebookresearch/fairseq,2017-08-29T16:26:12Z,2025-06-10T21:41:39Z,16,Python,234,3056,1191,31718
mpv-player/mpv,2012-10-13T08:08:44Z,2025-08-18T02:47:04Z,87,C,3499,9636,901,31702
CherryHQ/cherry-studio,2024-05-24T01:56:26Z,2025-08-18T14:37:00Z,189,TypeScript,1890,5730,513,31692
hasura/graphql-engine,2018-06-18T07:57:36Z,2025-08-18T14:04:18Z,293,TypeScript,2110,4146,2234,31650
yunjey/pytorch-tutorial,2017-03-10T07:41:47Z,2023-08-15T10:17:50Z,0,Python,28,114,66,31627
zeromicro/go-zero,2020-08-07T15:37:57Z,2025-08-17T15:20:40Z,140,Go,2318,1640,223,31624
vnpy/vnpy,2015-03-02T03:36:58Z,2025-07-31T04:51:57Z,64,Python,1055,2109,18,31626
open-mmlab/mmdetection,2018-08-22T07:06:06Z,2024-08-21T02:01:07Z,53,Python,2359,6745,1751,31579
floating-ui/floating-ui,2016-03-29T17:00:47Z,2025-07-30T09:17:03Z,493,TypeScript,1188,1428,27,31542
mouredev/Hello-Python,2022-08-03T17:14:53Z,2025-08-11T12:00:01Z,0,Python,0,286,18,31538
RVC-Project/Retrieval-based-Voice-Conversion-WebUI,2023-03-27T09:59:10Z,2024-11-24T15:09:44Z,7,Python,475,1297,617,31525
remix-run/remix,2020-10-26T19:57:28Z,2025-08-12T21:58:44Z,175,TypeScript,3441,2602,4,31523
qier222/YesPlayMusic,2020-10-09T10:04:21Z,2025-06-30T07:30:10Z,31,Vue,288,1191,608,31508
niklasvh/html2canvas,2011-07-16T01:05:58Z,2024-07-18T07:26:56Z,45,TypeScript,186,1660,958,31475
RSSNext/Folo,2024-04-08T03:23:35Z,2025-08-18T12:25:30Z,70,TypeScript,1248,2043,196,31450
amix/vimrc,2012-05-29T16:19:29Z,2024-10-06T08:26:02Z,0,Vim Script,107,510,12,31433
labstack/echo,2015-03-01T17:43:01Z,2025-08-12T08:57:52Z,109,Go,592,1392,73,31415
ReactiveX/rxjs,2015-03-15T06:17:10Z,2025-02-23T20:54:32Z,2,TypeScript,2588,2941,220,31413
airbnb/lottie-web,2015-02-20T21:02:59Z,2025-07-07T09:33:03Z,0,JavaScript,136,2125,769,31347
microsoft/MS-DOS,2018-06-25T18:26:02Z,2024-04-25T22:32:47Z,0,Assembly,37,0,0,31344
servo/servo,2012-02-08T19:07:25Z,2025-08-18T13:27:50Z,0,HTML,20448,10977,3004,31302
IceWhaleTech/CasaOS,2021-09-26T02:33:09Z,2025-08-06T08:54:04Z,97,Go,274,879,673,31291
lutzroeder/netron,2010-12-26T12:53:43Z,2025-08-18T11:38:27Z,2,JavaScript,1,1201,21,31202
cockroachdb/cockroach,2014-02-06T00:18:47Z,2025-08-18T14:35:53Z,0,Go,67568,69088,6432,31182
backstage/backstage,2020-01-24T22:39:49Z,2025-08-18T14:37:13Z,439,TypeScript,18928,6677,365,31146
xyflow/xyflow,2019-07-15T14:47:30Z,2025-08-18T13:34:11Z,347,TypeScript,1395,2181,83,31121
ianstormtaylor/slate,2016-06-18T01:52:42Z,2025-08-15T14:27:35Z,203,TypeScript,1938,2528,667,31032
dokku/dokku,2013-06-08T10:26:57Z,2025-08-16T05:45:30Z,300,Shell,4151,2753,44,31019
google-ai-edge/mediapipe,2019-06-13T19:16:41Z,2025-08-15T20:18:31Z,63,C++,201,5028,439,31018
lovell/sharp,2013-08-19T20:24:24Z,2025-08-18T09:33:52Z,99,JavaScript,301,3864,116,30996
0xAX/linux-insides,2015-01-03T18:44:57Z,2025-08-09T20:57:17Z,0,Python,579,153,35,30974
mathiasbynens/dotfiles,2011-09-05T18:07:54Z,2024-08-05T19:06:13Z,0,Shell,44,254,138,30940
coolsnowwolf/lede,2017-09-06T07:39:03Z,2025-08-18T13:00:51Z,6,C,2020,8379,766,30917
OpenCut-app/OpenCut,2025-06-22T08:02:17Z,2025-08-18T08:55:02Z,0,TypeScript,177,70,109,30897
blueimp/jQuery-File-Upload,2010-12-01T15:35:32Z,2023-05-25T09:11:07Z,0,PHP,119,3258,49,30893
MonitorControl/MonitorControl,2017-09-16T21:13:40Z,2025-07-25T21:43:11Z,26,Swift,216,968,14,30881
schollz/croc,2017-10-17T15:20:18Z,2025-08-12T17:16:51Z,175,Go,236,530,10,30858
filebrowser/filebrowser,2015-09-11T21:21:58Z,2025-08-16T07:43:02Z,97,Go,606,2726,20,30830
ocrmypdf/OCRmyPDF,2013-12-20T08:26:28Z,2025-08-13T08:05:04Z,41,Python,149,1136,132,30830
kubernetes/minikube,2016-04-15T22:38:35Z,2025-08-15T00:05:56Z,151,Go,8760,9603,504,30827
1Panel-dev/1Panel,2022-07-19T15:44:52Z,2025-08-18T10:35:15Z,96,Go,3792,4733,625,30784
vadimdemedes/ink,2017-06-12T06:12:28Z,2025-08-17T20:36:35Z,61,TypeScript,232,302,73,30767
derailed/k9s,2019-01-25T18:46:02Z,2025-08-18T02:38:47Z,248,Go,829,1723,414,30752
khoj-ai/khoj,2021-08-16T01:48:44Z,2025-08-15T23:51:17Z,158,Python,474,475,77,30736
alibaba/p3c,2017-06-23T06:15:51Z,2024-08-06T08:22:02Z,0,Kotlin,62,697,161,30724
apache/kafka,2011-08-15T18:06:16Z,2025-08-18T13:22:07Z,0,Java,11797,0,0,30694
XTLS/Xray-core,2020-11-09T11:23:10Z,2025-08-18T08:50:43Z,90,Go,1011,2542,10,30692
codex-team/editor.js,2015-11-28T20:56:35Z,2025-04-30T16:52:33Z,102,TypeScript,863,921,599,30690
paperless-ngx/paperless-ngx,2022-02-12T21:56:52Z,2025-08-18T13:37:41Z,122,Python,2559,2097,1,30684
fish-shell/fish-shell,2012-05-10T03:00:55Z,2025-08-18T12:11:38Z,48,Rust,2143,7181,475,30676
donnemartin/interactive-coding-challenges,2015-04-28T21:36:39Z,2024-05-08T23:07:36Z,0,Python,176,32,37,30670
SortableJS/Sortable,2013-12-19T10:10:13Z,2025-05-29T19:31:47Z,30,JavaScript,248,1344,473,30643
ityouknow/spring-boot-examples,2016-11-05T05:32:33Z,2023-11-18T16:32:16Z,0,Java,7,99,10,30572
google/comprehensive-rust,2022-12-21T15:17:24Z,2025-08-13T07:15:53Z,0,Rust,2172,234,111,30554
Textualize/textual,2021-04-08T15:24:47Z,2025-08-17T12:02:48Z,185,Python,2174,2073,185,30552
microsoft/calculator,2019-01-28T17:55:49Z,2025-07-09T08:39:03Z,0,C++,897,717,395,30539
juanfont/headscale,2020-06-21T09:21:05Z,2025-08-18T14:39:42Z,124,Go,1051,994,96,30532
k3s-io/k3s,2018-05-31T01:37:46Z,2025-08-18T12:49:50Z,885,Go,4067,6806,125,30522
utmapp/UTM,2019-04-12T16:09:24Z,2025-08-18T03:48:27Z,121,Swift,264,2534,878,30502
symfony/symfony,2010-01-04T14:21:21Z,2025-08-18T13:43:39Z,555,PHP,24253,20663,566,30501
influxdata/influxdb,2013-09-26T14:31:10Z,2025-08-18T01:22:36Z,93,Rust,10593,11951,2057,30486
nextcloud/server,2016-06-02T07:44:14Z,2025-08-18T14:20:35Z,348,PHP,28093,17926,2264,30484
parallax/jsPDF,2009-12-06T14:56:32Z,2025-03-20T08:54:17Z,35,JavaScript,717,2444,115,30483
microsoft/Data-Science-For-Beginners,2021-03-03T16:30:15Z,2025-08-07T12:15:51Z,0,Jupyter Notebook,308,95,24,30373
ascoders/weekly,2017-03-20T06:10:04Z,2024-09-09T01:39:37Z,193,JavaScript,136,363,3,30354
webtorrent/webtorrent,2013-10-15T08:16:40Z,2025-08-15T17:44:11Z,228,JavaScript,963,1598,65,30346
anthropics/claude-code,2025-02-22T17:41:21Z,2025-08-16T14:32:30Z,0,TypeScript,56,2829,3043,30331
openai/CLIP,2020-12-16T11:24:42Z,2024-07-23T01:30:44Z,0,Jupyter Notebook,28,193,242,30330
huggingface/diffusers,2022-05-30T16:04:02Z,2025-08-18T14:40:35Z,84,Python,4985,4410,557,30328
fabricjs/fabric.js,2010-06-09T22:24:38Z,2025-08-03T14:24:30Z,174,TypeScript,2343,5761,422,30322
layui/layui,2015-09-22T08:12:03Z,2025-07-31T07:28:42Z,158,JavaScript,590,1294,67,30316
facebook/rocksdb,2012-11-30T06:16:18Z,2025-08-15T22:43:49Z,206,C++,609,2635,770,30304
medusajs/medusa,2020-01-18T13:39:04Z,2025-08-18T14:34:39Z,128,TypeScript,7439,3159,101,30295
gkd-kit/gkd,2023-07-04T03:59:15Z,2025-08-17T10:36:50Z,53,Kotlin,6,648,13,30293
iawia002/lux,2018-02-24T11:29:03Z,2025-07-02T05:55:20Z,86,Go,300,540,519,30288
TriliumNext/Trilium,2017-05-23T00:30:20Z,2025-08-18T06:07:12Z,334,TypeScript,596,3484,1077,30275
tqdm/tqdm,2015-06-03T13:13:14Z,2025-05-22T12:10:29Z,131,Python,287,587,439,30272
docsifyjs/docsify,2016-11-20T07:55:43Z,2025-08-09T06:08:49Z,15,JavaScript,730,1198,89,30250
alpinejs/alpine,2019-11-28T13:51:55Z,2025-08-06T18:42:43Z,137,HTML,657,612,0,30210
umami-software/umami,2020-07-17T07:59:00Z,2025-08-16T05:17:27Z,99,TypeScript,799,1760,72,30196
AMAI-GmbH/AI-Expert-Roadmap,2020-10-24T21:49:40Z,2023-12-31T02:20:16Z,0,JavaScript,13,46,20,30186
numpy/numpy,2010-09-13T23:02:39Z,2025-08-18T13:49:06Z,132,Python,13078,11388,2102,30172
s0md3v/roop,2023-05-28T14:37:54Z,2024-08-19T12:57:17Z,6,Python,80,0,0,30141
sequelize/sequelize,2010-07-22T07:11:11Z,2025-08-14T06:52:33Z,487,TypeScript,4961,9511,891,30130
tatsu-lab/stanford_alpaca,2023-03-10T23:33:09Z,2024-07-17T09:43:05Z,0,Python,5,98,170,30120
OWASP/CheatSheetSeries,2018-12-21T14:26:43Z,2025-08-12T13:17:16Z,0,Python,1076,487,39,30099
exo-explore/exo,2024-06-24T18:36:22Z,2025-03-21T22:23:32Z,12,Python,207,146,360,30087
OAI/OpenAPI-Specification,2014-03-03T16:53:36Z,2025-08-18T12:52:45Z,12,Markdown,1573,2214,150,30076
DioxusLabs/dioxus,2021-01-15T01:57:26Z,2025-08-15T20:28:59Z,25,Rust,1749,1612,434,30055
transloadit/uppy,2015-11-16T12:32:33Z,2025-08-18T11:23:57Z,196,TypeScript,3096,2291,157,30054
GyulyVGC/sniffnet,2022-07-31T21:55:56Z,2025-08-17T16:06:14Z,14,Rust,429,238,42,30021
chinabugotech/hutool,2014-04-13T07:23:51Z,2025-08-18T12:38:44Z,152,Java,449,2980,4,29997
Lightning-AI/pytorch-lightning,2019-03-31T00:45:57Z,2025-08-18T14:14:27Z,167,Python,9078,6475,920,29988
pathwaycom/llm-app,2023-07-19T08:43:37Z,2025-07-30T12:13:39Z,0,Jupyter Notebook,47,12,5,29890
VincentGarreau/particles.js,2014-09-06T14:29:47Z,2024-03-28T03:21:07Z,6,JavaScript,21,106,304,29886
surrealdb/surrealdb,2021-12-09T15:03:29Z,2025-08-18T14:34:46Z,92,Rust,2138,1471,682,29872
tinygrad/tinygrad,2020-10-18T16:23:12Z,2025-08-17T19:12:45Z,12,Python,7893,843,128,29857
square/leakcanary,2015-04-29T23:54:16Z,2025-08-05T05:43:50Z,43,Kotlin,921,1510,126,29783
drizzle-team/drizzle-orm,2021-06-24T09:03:05Z,2025-08-18T09:11:18Z,146,TypeScript,610,1692,1432,29779
foundation/foundation-sites,2011-10-13T23:05:42Z,2025-01-21T22:11:53Z,79,HTML,2958,8179,56,29762
jobbole/awesome-python-cn,2015-11-03T09:50:50Z,2022-08-29T11:28:59Z,0,Makefile,51,18,13,29723
DevToys-app/DevToys,2021-09-29T01:40:41Z,2025-08-18T10:04:23Z,38,C#,497,658,275,29712
vuejs/vue-cli,2015-12-26T23:11:20Z,2025-02-24T14:34:18Z,177,JavaScript,1258,4563,934,29712
restic/restic,2014-04-27T14:07:58Z,2025-08-07T11:28:17Z,48,Go,2184,2392,422,29703
AdguardTeam/AdGuardHome,2016-07-06T10:31:47Z,2025-08-15T14:30:42Z,213,Go,124,4629,1130,29696
cheeriojs/cheerio,2011-10-09T04:23:20Z,2025-08-18T04:44:49Z,61,TypeScript,2838,1199,21,29689
facebook/folly,2012-06-01T20:49:04Z,2025-08-17T16:39:36Z,253,C++,13,931,293,29681
trailofbits/algo,2016-05-15T03:42:48Z,2025-08-18T02:12:24Z,2,Python,575,1534,85,29665
nothings/stb,2014-05-25T16:51:23Z,2025-05-26T12:14:09Z,0,C,288,694,198,29660
wailsapp/wails,2018-12-15T23:14:06Z,2025-08-16T04:42:07Z,242,Go,1503,1858,261,29640
apolloconfig/apollo,2016-03-04T10:24:23Z,2025-08-09T01:57:05Z,41,Java,1449,3212,139,29602
microsoft/WSL,2016-04-06T17:32:56Z,2025-08-16T01:19:30Z,94,C++,132,10698,1029,29589
vbenjs/vue-vben-admin,2020-07-11T02:29:21Z,2025-08-16T15:21:23Z,60,Vue,1631,3469,120,29562
elsewhencode/project-guidelines,2017-06-30T10:17:55Z,2024-12-09T07:59:04Z,0,JavaScript,113,29,9,29553
nicolargo/glances,2011-12-04T08:49:15Z,2025-08-17T16:34:38Z,51,Python,743,1932,125,29549
react-boilerplate/react-boilerplate,2015-02-18T14:36:32Z,2023-03-23T21:35:09Z,16,JavaScript,715,1823,86,29537
hyprwm/Hyprland,2022-03-16T19:49:13Z,2025-08-17T19:18:52Z,96,C++,1873,7206,61,29536
motiondivision/motion,2018-11-16T09:48:38Z,2025-08-13T14:31:24Z,0,TypeScript,1061,1570,287,29523
aosabook/500lines,2013-11-04T02:02:53Z,2023-08-19T11:18:34Z,0,JavaScript,175,41,29,29512
ariya/phantomjs,2010-12-27T08:18:58Z,2022-11-26T19:43:12Z,0,C++,562,4731,14,29479
mantinedev/mantine,2021-01-07T14:02:19Z,2025-08-16T14:09:17Z,271,TypeScript,1489,3218,17,29431
pmndrs/react-three-fiber,2019-02-25T14:31:51Z,2025-07-28T02:29:24Z,125,TypeScript,650,1040,80,29404
encode/django-rest-framework,2011-03-02T17:13:56Z,2025-08-16T07:10:06Z,21,Python,3020,3887,58,29378
heyverse/hey,2022-03-19T15:01:46Z,2025-08-18T14:05:47Z,0,TypeScript,3765,0,0,29375
IanLunn/Hover,2014-01-02T14:27:35Z,2023-10-28T16:07:33Z,10,SCSS,23,83,24,29374
standard/standard,2015-01-27T01:23:31Z,2025-07-11T08:28:23Z,7,JavaScript,411,1122,110,29338
tokio-rs/tokio,2016-09-09T22:31:36Z,2025-08-15T07:52:12Z,138,Rust,3595,2184,333,29335
alibaba/canal,2013-01-13T10:59:52Z,2025-08-06T02:18:43Z,32,Java,473,3571,1158,29311
GoogleChrome/lighthouse,2016-03-08T01:03:11Z,2025-08-13T19:28:55Z,125,JavaScript,5465,8689,491,29277
hashicorp/consul,2013-11-04T22:15:27Z,2025-08-15T14:57:52Z,217,Go,13727,4269,1268,29226
ageron/handson-ml2,2019-01-08T03:49:07Z,2024-06-13T08:10:24Z,0,Jupyter Notebook,64,300,217,29190
danny-avila/LibreChat,2023-02-12T01:06:52Z,2025-08-18T13:34:26Z,58,TypeScript,2120,3084,156,29185
xuxueli/xxl-job,2015-11-28T12:59:34Z,2025-07-19T19:52:57Z,38,Java,113,3008,220,29182
realpython/python-guide,2011-03-15T03:24:20Z,2024-07-29T18:49:10Z,0,Batchfile,683,180,99,29147
iperov/DeepFaceLive,2020-12-15T12:19:22Z,2024-11-08T03:07:42Z,35,Python,13,143,1,29130
kodecocodes/swift-algorithm-club,2016-01-26T17:56:12Z,2024-12-06T07:03:07Z,0,Swift,610,183,32,29092
spf13/viper,2014-04-02T14:33:33Z,2025-08-16T07:30:22Z,34,Go,507,490,412,29093
firecracker-microvm/firecracker,2017-10-19T06:18:47Z,2025-08-18T13:14:17Z,78,Rust,3178,1401,52,29087
sampotts/plyr,2015-02-14T11:33:07Z,2024-06-29T18:16:28Z,88,JavaScript,384,1221,882,29073
keycloak/keycloak,2013-07-02T13:38:51Z,2025-08-18T13:46:42Z,86,Java,17481,13232,1988,29071
composer/composer,2011-06-08T08:53:00Z,2025-08-12T05:07:29Z,214,PHP,2944,7753,121,29071
refined-github/refined-github,2016-02-15T16:45:02Z,2025-08-12T05:14:20Z,173,TypeScript,3427,4371,138,28986
wuyouzhuguli/SpringAll,2018-05-02T02:48:44Z,2024-05-31T14:56:35Z,0,Java,1,27,21,28926
meta-llama/llama3,2024-03-15T17:57:00Z,2025-01-26T21:39:06Z,0,Python,23,119,174,28926
ajeetdsouza/zoxide,2020-03-05T13:11:40Z,2025-08-16T04:27:05Z,36,Rust,226,579,103,28878
postcss/postcss,2013-09-24T23:06:48Z,2025-07-20T21:28:03Z,268,TypeScript,759,998,27,28854
pmndrs/react-spring,2018-03-07T15:39:32Z,2025-08-18T11:37:07Z,52,TypeScript,437,1143,116,28846
Pierian-Data/Complete-Python-3-Bootcamp,2018-02-12T19:30:10Z,2025-06-24T04:54:16Z,0,Jupyter Notebook,12,225,144,28812
tastejs/todomvc,2011-06-03T19:56:33Z,2025-06-23T17:35:04Z,6,JavaScript,760,661,123,28811
dragonflydb/dragonfly,2021-12-11T10:00:42Z,2025-08-18T12:51:13Z,106,C++,3309,1577,258,28718
StevenBlack/hosts,2012-04-12T20:22:50Z,2025-08-17T14:35:55Z,779,Python,486,1999,113,28691
alibaba/spring-cloud-alibaba,2017-12-01T20:49:15Z,2025-08-05T02:02:55Z,48,Java,1076,2300,200,28689
wesbos/JavaScript30,2016-12-07T19:15:31Z,2025-01-07T12:29:05Z,0,HTML,153,0,0,28668
cfenollosa/os-tutorial,2014-09-29T08:39:34Z,2024-07-25T10:57:29Z,0,C,11,105,75,28666
kenwheeler/slick,2014-03-24T02:10:05Z,2025-07-26T22:05:56Z,48,JavaScript,258,2421,1199,28624
statelyai/xstate,2015-09-14T15:04:15Z,2025-08-11T16:32:48Z,440,TypeScript,1971,1288,107,28614
kovidgoyal/kitty,2016-10-16T14:48:28Z,2025-08-18T10:32:32Z,128,Python,1131,6259,10,28581
feder-cr/Jobs_Applier_AI_Agent_AIHawk,2024-08-04T12:15:06Z,2025-05-28T13:24:12Z,0,Python,185,663,11,28569
immerjs/immer,2017-12-29T12:25:47Z,2024-09-19T07:46:06Z,109,JavaScript,374,633,34,28543
grafana/k6,2016-03-21T15:30:24Z,2025-08-18T14:35:25Z,76,Go,2148,1669,720,28525
donnemartin/data-science-ipython-notebooks,2015-01-23T19:38:29Z,2024-03-20T13:52:34Z,0,Python,31,22,19,28466
AvaloniaUI/Avalonia,2013-12-05T20:13:21Z,2025-08-17T18:46:16Z,110,C#,5309,6156,1709,28463
shengxinjing/programmer-job-blacklist,2016-06-25T06:09:10Z,2024-06-09T14:56:42Z,0,Shell,28,181,157,28457
PostHog/posthog,2020-01-23T22:46:58Z,2025-08-18T14:44:21Z,18,Python,24895,5539,2125,28449
microsoft/qlib,2020-08-14T06:46:00Z,2025-08-18T09:28:03Z,23,Python,723,724,256,28447
valinet/ExplorerPatcher,2021-08-09T14:17:24Z,2025-07-28T17:07:07Z,288,C,18,2189,272,28441
vercel/turborepo,2021-10-05T17:37:11Z,2025-08-18T03:56:57Z,496,Rust,6221,1806,128,28438
vuejs/vuex,2015-07-16T04:21:26Z,2024-09-25T13:26:41Z,51,JavaScript,656,1167,99,28436
sunface/rust-course,2018-08-07T05:01:21Z,2025-07-08T03:48:57Z,0,Rust,783,149,60,28420
jumpserver/jumpserver,2014-07-04T03:54:59Z,2025-08-18T11:14:52Z,249,Python,7516,7275,36,28400
continuedev/continue,2023-05-24T03:39:39Z,2025-08-18T14:07:57Z,378,TypeScript,2787,2913,736,28394
openai/openai-python,2020-10-25T23:23:54Z,2025-08-18T05:06:40Z,315,Python,990,988,88,28378
helm/helm,2015-10-06T01:07:32Z,2025-08-18T05:53:30Z,215,Go,4095,7662,473,28354
containers/podman,2017-11-01T15:01:27Z,2025-08-15T17:29:45Z,228,Go,11685,9236,788,28348
openssl/openssl,2013-01-15T22:34:48Z,2025-08-18T09:16:14Z,283,C,145,8985,1757,28341
jamiebuilds/the-super-tiny-compiler,2016-03-11T04:19:18Z,2024-02-19T12:33:21Z,0,JavaScript,20,0,0,28325
telegramdesktop/tdesktop,2014-05-02T12:36:31Z,2025-08-15T13:21:16Z,798,C++,1745,14349,880,28296
MichaelCade/90DaysOfDevOps,2021-12-26T13:55:18Z,2025-06-04T02:09:07Z,2,Shell,358,80,9,28281
VSCodium/vscodium,2018-08-13T14:26:58Z,2025-08-18T14:03:48Z,238,Shell,547,1389,119,28266
caolan/async,2010-06-01T21:01:30Z,2025-08-14T19:06:53Z,7,JavaScript,558,1132,10,28223
GitbookIO/gitbook,2014-03-31T03:01:56Z,2025-08-18T14:11:41Z,75,TypeScript,1288,1880,30,28204
linera-io/linera-protocol,2021-12-19T04:09:21Z,2025-08-18T13:47:01Z,18,Rust,2663,754,484,28186
digitalocean/nginxconfig.io,2018-01-05T14:21:14Z,2024-12-14T10:56:21Z,0,JavaScript,191,184,55,28179
alibaba/druid,2011-11-03T05:12:51Z,2025-08-14T03:03:02Z,51,Java,1517,2285,2251,28174
LizardByte/Sunshine,2021-12-15T23:38:57Z,2025-08-18T05:11:25Z,43,C++,1463,982,79,28163
jashkenas/backbone,2010-09-30T19:41:28Z,2025-04-01T11:14:31Z,0,JavaScript,881,2364,42,28106
dnSpy/dnSpy,2015-07-01T16:05:10Z,2020-12-20T23:55:15Z,1,C#,53,0,0,28060
NginxProxyManager/nginx-proxy-manager,2017-12-20T23:01:16Z,2025-08-06T17:12:11Z,77,JavaScript,526,2082,914,28059
swagger-api/swagger-ui,2011-07-15T22:56:39Z,2025-08-12T07:25:38Z,376,JavaScript,3305,4426,1210,28044
acheong08/ChatGPT,2022-12-03T14:35:24Z,2023-08-02T06:02:10Z,277,Python,292,792,11,28035
mobxjs/mobx,2015-03-14T14:31:38Z,2025-06-15T19:59:49Z,113,TypeScript,1152,1914,57,28008
JedWatson/react-select,2014-08-26T04:27:45Z,2025-07-11T12:49:28Z,61,TypeScript,1054,3249,380,28005
python-telegram-bot/python-telegram-bot,2015-07-07T15:30:39Z,2025-08-18T13:41:55Z,127,Python,1635,2263,15,28005
nagadomi/waifu2x,2015-05-17T07:29:15Z,2023-05-04T00:50:48Z,3,Lua,68,216,152,27998
datalab-to/marker,2023-10-30T20:14:08Z,2025-08-18T12:01:46Z,62,Python,194,290,266,27954
aquasecurity/trivy,2019-04-11T01:01:07Z,2025-08-18T12:04:48Z,171,Go,3178,2750,158,27934
ChartsOrg/Charts,2015-03-20T10:49:12Z,2025-05-13T04:45:38Z,38,Swift,427,3388,891,27932
lenve/vhr,2018-01-04T08:57:51Z,2024-11-25T00:07:39Z,0,Java,1,97,157,27912
google/python-fire,2017-02-21T21:35:07Z,2025-08-16T21:26:05Z,12,Python,135,207,125,27831
tailwindlabs/headlessui,2020-09-16T09:53:09Z,2025-07-30T14:03:47Z,127,TypeScript,619,1288,110,27815
michalsnik/aos,2015-07-09T17:49:00Z,2024-03-26T15:58:43Z,0,JavaScript,38,360,344,27792
frappe/erpnext,2011-06-08T08:20:56Z,2025-08-18T12:02:59Z,1000,Python,26408,14499,2258,27788
t3-oss/create-t3-app,2022-05-24T13:31:01Z,2025-06-09T23:21:36Z,138,TypeScript,1114,675,63,27784
nginx/nginx,2015-06-23T10:26:27Z,2025-08-13T17:21:40Z,8,C,94,172,172,27764
raysan5/raylib,2013-10-24T15:46:04Z,2025-08-18T13:04:56Z,24,C,2153,2002,26,27752
CamDavidsonPilon/Probabilistic-Programming-and-Bayesian-Methods-for-Hackers,2013-01-14T15:46:28Z,2024-06-25T20:42:58Z,0,Jupyter Notebook,243,90,157,27731
getredash/redash,2013-10-28T13:19:39Z,2025-08-08T17:38:22Z,100,Python,3255,1956,616,27672
YMFE/yapi,2016-05-30T09:09:09Z,2024-08-12T09:29:34Z,1,JavaScript,141,922,1536,27651
kingToolbox/WindTerm,2019-10-09T19:56:09Z,2025-03-11T19:12:09Z,32,C,1,564,2177,27630
sxyazi/yazi,2023-07-08T11:45:55Z,2025-08-18T12:07:52Z,27,Rust,948,1365,42,27590
JaidedAI/EasyOCR,2020-03-14T11:46:39Z,2024-09-24T11:24:36Z,23,Python,177,605,466,27570
tj/commander.js,2011-08-14T21:33:58Z,2025-08-18T07:36:37Z,83,JavaScript,827,1131,7,27554
BerriAI/litellm,2023-07-27T00:09:52Z,2025-08-17T21:42:33Z,985,Python,5271,5637,828,27550
flameshot-org/flameshot,2017-05-10T19:44:51Z,2025-08-17T00:34:08Z,30,C++,964,2078,668,27544
svc-develop-team/so-vits-svc,2023-03-10T09:31:09Z,2023-11-11T13:11:31Z,0,Python,153,109,21,27528
